buy_timestamp,buy_price,buy_risk,has_first_higher_sell,first_sell_price,first_sell_timestamp,first_sell_pct_increase,has_second_higher_sell,second_sell_price,second_sell_timestamp,second_sell_pct_increase,signals_between_count,low_price_signal_found,lowest_price_between
2025-02-14 09:37:02,610.21,low,True,610.465,2025-02-14 09:59:00,0.041788892348535,True,610.68,2025-02-14 10:14:01,0.07702266432865958,1.0,False,610.3701
2025-02-14 10:03:02,610.3701,low,True,610.68,2025-02-14 10:14:01,0.05077247394654007,False,,,,1.0,True,610.17
2025-02-14 10:34:02,610.17,low,True,610.81,2025-02-14 11:08:03,0.1048888014815521,False,,,,1.0,True,610.11
2025-02-14 11:18:01,610.11,low,False,,,,False,,,,,False,
2025-02-14 11:22:01,609.84,low,False,,,,False,,,,,False,
2025-02-14 11:49:03,609.7,low,False,,,,False,,,,,False,
2025-02-14 12:09:01,609.64,low,True,610.46,2025-02-14 13:41:02,0.1345056098681271,True,610.46,2025-02-14 14:01:01,0.1345056098681271,0.0,False,609.64
2025-02-14 14:29:02,610.13,medium,False,,,,False,,,,,False,
2025-02-14 15:07:32,609.93,medium,False,,,,False,,,,,False,
2025-02-14 15:31:00,609.78,low,False,,,,False,,,,,False,
2025-02-18 09:41:49,610.6299,low,False,,,,False,,,,,False,
2025-02-18 09:47:48,610.0399,low,False,,,,False,,,,,False,
2025-02-18 10:26:51,609.6,low,True,610.51,2025-02-18 11:03:50,0.1492782152230919,True,610.515,2025-02-18 11:57:49,0.15009842519684444,1.0,False,609.99
2025-02-18 11:25:50,609.99,low,True,610.515,2025-02-18 11:57:49,0.08606698470466356,False,,,,1.0,True,609.81
2025-02-18 12:21:49,609.81,low,True,610.51,2025-02-18 12:51:49,0.11478985257703966,True,610.5,2025-02-18 13:07:50,0.1131499975402264,0.0,False,609.81
2025-02-18 13:19:51,609.86,low,False,,,,False,,,,,False,
2025-02-18 13:35:49,609.71,low,False,,,,False,,,,,False,
2025-02-18 14:04:51,609.66,low,False,,,,False,,,,,False,
2025-02-18 14:07:49,608.865,low,False,,,,False,,,,,False,
2025-02-18 14:08:49,608.88,low,False,,,,False,,,,,False,
2025-02-18 15:37:49,609.71,high,True,610.46,2025-02-18 15:55:48,0.12300929950304243,True,609.81,2025-02-19 10:02:47,0.016401239933724075,1.0,False,609.94
2025-02-19 09:52:46,609.94,low,False,,,,False,,,,,False,
2025-02-19 10:19:47,609.9401,low,False,,,,False,,,,,False,
2025-02-19 10:21:46,609.87,low,True,610.305,2025-02-19 10:30:47,0.07132667617688121,True,610.46,2025-02-19 10:32:47,0.09674192860774129,0.0,False,609.87
2025-02-19 12:21:47,611.32,high,False,,,,False,,,,,False,
2025-02-19 13:54:48,611.59,high,True,612.58,2025-02-19 14:14:48,0.16187315031311975,True,612.855,2025-02-19 14:36:47,0.20683791428898218,0.0,False,611.59
2025-02-19 15:28:46,612.0,high,True,612.73,2025-02-19 15:56:46,0.11928104575163695,False,,,,1.0,True,611.34
2025-02-20 09:36:31,611.34,low,False,,,,False,,,,,False,
2025-02-20 09:45:30,610.5,low,False,,,,False,,,,,False,
2025-02-20 09:57:30,609.06,low,False,,,,False,,,,,False,
2025-02-20 10:15:30,608.78,high,False,,,,False,,,,,False,
2025-02-20 10:51:31,607.6698,low,False,,,,False,,,,,False,
2025-02-20 11:26:30,607.89,high,False,,,,False,,,,,False,
2025-02-20 11:49:32,607.59,low,False,,,,False,,,,,False,
2025-02-20 13:09:32,608.17,medium,False,,,,False,,,,,False,
2025-02-20 13:30:31,607.975,medium,False,,,,False,,,,,False,
2025-02-20 14:42:33,609.05,medium,False,,,,False,,,,,False,
2025-02-21 09:45:53,609.32,low,False,,,,False,,,,,False,
2025-02-21 09:50:54,608.4725,low,False,,,,False,,,,,False,
2025-02-21 10:08:54,608.1701,low,False,,,,False,,,,,False,
2025-02-21 10:27:54,606.66,low,False,,,,False,,,,,False,
2025-02-21 11:07:54,606.76,low,False,,,,False,,,,,False,
2025-02-21 11:55:54,606.6,low,False,,,,False,,,,,False,
2025-02-21 12:19:57,605.7,low,False,,,,False,,,,,False,
2025-02-21 12:48:55,604.81,low,False,,,,False,,,,,False,
2025-02-21 12:57:55,603.78,low,False,,,,False,,,,,False,
2025-02-21 13:15:55,603.33,medium,False,,,,False,,,,,False,
2025-02-21 13:34:57,602.05,low,False,,,,False,,,,,False,
2025-02-21 13:54:56,602.21,low,False,,,,False,,,,,False,
2025-02-21 14:02:55,601.34,low,False,,,,False,,,,,False,
2025-02-21 14:24:57,600.67,low,False,,,,False,,,,,False,
2025-02-21 14:59:59,600.035,low,False,,,,False,,,,,False,
2025-02-21 15:20:55,600.2301,low,False,,,,False,,,,,False,
2025-02-21 15:47:54,599.89,low,False,,,,False,,,,,False,
2025-02-24 09:41:41,601.23,low,False,,,,False,,,,,False,
2025-02-24 10:01:40,597.96,low,False,,,,False,,,,,False,
2025-02-24 10:49:43,597.99,medium,True,601.3151,2025-02-24 12:21:41,0.556046087727223,True,601.54,2025-02-24 13:19:44,0.5936554122978569,0.0,False,597.99
2025-02-24 13:51:40,600.77,high,False,,,,False,,,,,False,
2025-02-24 14:12:40,600.55,high,False,,,,False,,,,,False,
2025-02-24 14:57:42,599.66,medium,False,,,,False,,,,,False,
2025-02-25 09:51:47,595.3556,low,False,,,,False,,,,,False,
2025-02-25 10:10:48,593.62,medium,False,,,,False,,,,,False,
2025-02-25 10:22:47,592.02,low,False,,,,False,,,,,False,
2025-02-25 11:13:48,592.04,high,False,,,,False,,,,,False,
2025-02-25 11:27:48,590.92,low,False,,,,False,,,,,False,
2025-02-25 13:35:48,594.15,high,False,,,,False,,,,,False,
2025-02-25 14:17:50,593.68,high,True,596.38,2025-02-25 15:23:47,0.4547904595068127,True,599.1301,2025-02-26 10:19:49,0.9180198086511286,3.0,False,594.32
2025-02-25 15:56:47,594.32,high,False,,,,False,,,,,False,
2025-02-26 09:43:47,595.75,low,False,,,,False,,,,,False,
2025-02-26 09:50:48,597.13,low,True,599.1301,2025-02-26 10:19:49,0.33495218796576537,True,598.7075,2025-02-26 10:46:48,0.2641803292415364,0.0,False,597.13
2025-02-26 11:33:48,598.4,high,False,,,,False,,,,,False,
2025-02-26 12:41:48,597.185,medium,False,,,,False,,,,,False,
2025-02-26 13:00:49,595.6099,low,False,,,,False,,,,,False,
2025-02-26 13:35:50,594.27,low,False,,,,False,,,,,False,
2025-02-26 13:51:49,593.28,low,False,,,,False,,,,,False,
2025-02-26 14:58:48,592.6878,low,False,,,,False,,,,,False,
2025-02-26 15:37:47,593.81,high,True,597.555,2025-02-27 09:37:22,0.6306731109277387,False,,,,2.0,True,591.6481
2025-02-27 09:48:22,595.43,high,False,,,,False,,,,,False,
2025-02-27 10:02:22,591.6481,low,False,,,,False,,,,,False,
2025-02-27 10:53:22,594.32,high,False,,,,False,,,,,False,
2025-02-27 11:08:22,594.07,high,False,,,,False,,,,,False,
2025-02-27 11:43:23,593.76,medium,False,,,,False,,,,,False,
2025-02-27 12:03:22,592.9,medium,False,,,,False,,,,,False,
2025-02-27 12:43:22,592.66,high,False,,,,False,,,,,False,
2025-02-27 14:00:24,593.43,medium,False,,,,False,,,,,False,
2025-02-27 14:25:22,591.665,low,False,,,,False,,,,,False,
2025-02-27 14:47:23,589.61,medium,False,,,,False,,,,,False,
2025-02-27 15:07:23,587.94,low,False,,,,False,,,,,False,
2025-02-27 15:30:21,586.84,low,False,,,,False,,,,,False,
2025-02-27 15:55:21,585.27,low,False,,,,False,,,,,False,
2025-02-28 11:28:53,586.15,high,True,587.88,2025-02-28 11:41:53,0.2951462936108536,False,,,,2.0,True,584.7701
2025-02-28 12:03:54,586.75,high,False,,,,False,,,,,False,
2025-02-28 12:46:53,584.7701,medium,False,,,,False,,,,,False,
2025-02-28 13:17:54,583.33,low,False,,,,False,,,,,False,
2025-02-28 14:12:54,584.6,high,True,588.14,2025-02-28 15:01:55,0.6055422511118651,True,593.59,2025-02-28 15:56:53,1.5378036264112227,0.0,False,584.6
2025-03-03 09:40:51,595.355,low,False,,,,False,,,,,False,
2025-03-03 09:59:52,593.05,low,False,,,,False,,,,,False,
2025-03-03 10:20:51,592.63,high,False,,,,False,,,,,False,
2025-03-03 10:51:51,593.73,high,False,,,,False,,,,,False,
2025-03-03 11:16:52,593.33,medium,False,,,,False,,,,,False,
2025-03-03 12:38:52,593.4856,medium,False,,,,False,,,,,False,
2025-03-03 12:58:52,591.71,low,False,,,,False,,,,,False,
2025-03-03 13:19:54,589.71,low,False,,,,False,,,,,False,
2025-03-03 13:38:52,587.67,low,False,,,,False,,,,,False,
2025-03-03 14:30:52,588.97,low,False,,,,False,,,,,False,
2025-03-03 14:51:54,587.33,medium,False,,,,False,,,,,False,
2025-03-03 14:52:52,586.83,low,False,,,,False,,,,,False,
2025-03-03 15:04:54,584.36,low,False,,,,False,,,,,False,
2025-03-03 15:47:51,581.5896,high,False,,,,False,,,,,False,
2025-03-04 09:36:24,579.4799,low,False,,,,False,,,,,False,
2025-03-04 09:57:25,577.11,low,False,,,,False,,,,,False,
2025-03-04 10:09:25,574.59,low,False,,,,False,,,,,False,
2025-03-04 10:54:25,573.77,medium,False,,,,False,,,,,False,
2025-03-04 11:10:24,572.83,low,False,,,,False,,,,,False,
2025-03-04 11:28:24,572.701,low,False,,,,False,,,,,False,
2025-03-04 12:59:25,576.494,high,True,579.7,2025-03-04 13:54:27,0.556120271850187,True,581.535,2025-03-04 14:04:26,0.8744236713651728,0.0,False,576.494
2025-03-05 10:20:00,576.81,high,False,,,,False,,,,,False,
2025-03-05 10:51:58,576.38,high,False,,,,False,,,,,False,
2025-03-05 11:11:58,574.16,low,False,,,,False,,,,,False,
2025-03-05 11:27:58,573.95,low,True,578.935,2025-03-05 12:37:58,0.8685425559717571,True,580.46,2025-03-05 12:55:00,1.1342451433051643,0.0,False,573.95
2025-03-06 09:37:35,574.66,low,True,578.7,2025-03-06 10:22:37,0.7030243970347819,True,579.548,2025-03-06 11:13:35,0.8505899140361315,0.0,False,574.66
2025-03-06 12:02:36,574.23,low,False,,,,False,,,,,False,
2025-03-06 12:25:36,573.175,low,False,,,,False,,,,,False,
2025-03-06 12:54:38,571.87,low,False,,,,False,,,,,False,
2025-03-06 13:34:37,572.5,medium,False,,,,False,,,,,False,
2025-03-06 13:52:36,572.68,high,False,,,,False,,,,,False,
2025-03-06 14:24:37,571.245,low,False,,,,False,,,,,False,
2025-03-06 15:10:35,572.82,high,False,,,,False,,,,,False,
2025-03-07 09:36:46,571.69,high,True,574.24,2025-03-07 09:58:46,0.4460459339851937,False,,,,2.0,True,568.98
2025-03-07 10:15:48,572.75,medium,False,,,,False,,,,,False,
2025-03-07 11:21:46,568.98,low,False,,,,False,,,,,False,
2025-03-07 11:52:46,565.83,low,False,,,,False,,,,,False,
2025-03-07 12:09:48,566.46,medium,True,573.25,2025-03-07 13:21:48,1.198672457013728,True,576.14,2025-03-07 14:02:46,1.7088585248737687,0.0,False,566.46
2025-03-07 15:39:49,573.925,high,False,,,,False,,,,,False,
2025-03-07 15:55:45,576.64,high,False,,,,False,,,,,False,
2025-03-10 09:52:30,567.68,high,False,,,,False,,,,,False,
2025-03-10 10:14:30,566.36,medium,False,,,,False,,,,,False,
2025-03-10 10:32:28,565.21,medium,False,,,,False,,,,,False,
2025-03-10 11:50:28,564.45,high,False,,,,False,,,,,False,
2025-03-10 12:06:29,563.86,low,False,,,,False,,,,,False,
2025-03-10 12:08:29,563.47,low,False,,,,False,,,,,False,
2025-03-10 12:29:31,563.77,high,False,,,,False,,,,,False,
2025-03-10 12:44:30,562.975,low,False,,,,False,,,,,False,
2025-03-10 13:52:29,560.37,low,False,,,,False,,,,,False,
2025-03-10 14:08:29,559.67,low,False,,,,False,,,,,False,
2025-03-10 14:56:28,557.54,low,False,,,,False,,,,,False,
2025-03-11 09:36:25,559.66,low,False,,,,False,,,,,False,
2025-03-11 10:04:27,556.995,low,False,,,,False,,,,,False,
2025-03-11 10:41:26,554.1,low,False,,,,False,,,,,False,
2025-03-11 12:08:26,556.35,medium,False,,,,False,,,,,False,
2025-03-11 12:24:28,555.93,medium,False,,,,False,,,,,False,
2025-03-11 12:42:26,555.96,medium,False,,,,False,,,,,False,
2025-03-11 12:58:27,554.13,low,False,,,,False,,,,,False,
2025-03-11 13:23:26,552.25,low,True,560.72,2025-03-11 14:44:29,1.5337256677229565,True,559.38,2025-03-12 10:28:50,1.2910819375282925,3.0,False,557.24
2025-03-11 15:26:26,559.63,high,False,,,,False,,,,,False,
2025-03-11 15:55:28,557.24,high,False,,,,False,,,,,False,
2025-03-12 10:25:50,558.47,low,True,559.38,2025-03-12 10:28:50,0.16294518953569004,False,,,,1.0,True,556.45
2025-03-12 10:56:50,556.45,low,False,,,,False,,,,,False,
2025-03-12 11:20:50,555.75,high,True,558.62,2025-03-12 11:49:51,0.5164192532613594,True,560.13,2025-03-12 12:15:52,0.7881241565452083,0.0,False,555.75
2025-03-12 15:17:51,559.86,high,False,,,,False,,,,,False,
2025-03-12 15:36:50,558.88,high,False,,,,False,,,,,False,
2025-03-13 09:41:47,558.07,high,False,,,,False,,,,,False,
2025-03-13 09:44:48,557.075,high,True,557.54,2025-03-13 10:16:47,0.08347170488711898,False,,,,1.0,True,555.65
2025-03-13 11:24:49,555.09,medium,False,,,,False,,,,,False,
2025-03-13 11:36:47,553.15,low,False,,,,False,,,,,False,
2025-03-13 11:54:49,552.95,low,False,,,,False,,,,,False,
2025-03-13 12:58:47,552.31,low,False,,,,False,,,,,False,
2025-03-13 13:14:48,551.55,low,False,,,,False,,,,,False,
2025-03-13 13:38:47,550.355,low,False,,,,False,,,,,False,
2025-03-13 15:22:48,552.82,medium,False,,,,False,,,,,False,
2025-03-13 15:49:50,551.24,medium,True,559.2876,2025-03-14 09:50:23,1.459908569769971,True,559.5865,2025-03-14 10:58:22,1.5141317756331165,1.0,False,556.88
2025-03-14 10:16:21,556.88,medium,True,559.5865,2025-03-14 10:58:22,0.48601134894411824,True,560.155,2025-03-14 11:13:21,0.5880979744289573,0.0,False,556.88
2025-03-14 12:12:21,560.64,high,True,562.09,2025-03-14 12:59:23,0.258632990867588,False,,,,1.0,True,560.34
2025-03-14 14:24:23,560.34,high,True,562.2912,2025-03-14 15:07:22,0.34821715387085905,True,562.8267,2025-03-14 15:52:23,0.44378413106327014,0.0,False,560.34
2025-03-17 09:50:11,565.13,high,False,,,,False,,,,,False,
2025-03-17 11:09:08,564.024,medium,False,,,,False,,,,,False,
2025-03-17 11:35:10,563.22,low,True,565.94,2025-03-17 13:27:09,0.48293739568907834,True,568.37,2025-03-17 14:14:09,0.9143851425730579,0.0,False,563.22
2025-03-17 15:57:08,567.56,high,False,,,,False,,,,,False,
2025-03-18 10:15:47,560.49,low,False,,,,False,,,,,False,
2025-03-18 11:22:47,559.75,medium,False,,,,False,,,,,False,
2025-03-18 11:57:47,559.1,low,False,,,,False,,,,,False,
2025-03-18 12:53:47,559.8201,low,False,,,,False,,,,,False,
2025-03-18 13:24:49,560.66,medium,False,,,,False,,,,,False,
2025-03-18 15:01:48,561.02,high,False,,,,False,,,,,False,
2025-03-18 15:48:47,559.95,low,True,563.2,2025-03-19 09:48:47,0.5804089650861683,True,565.0,2025-03-19 10:23:45,0.9018662380569612,0.0,False,559.95
2025-03-19 10:52:46,563.67,high,True,564.6054,2025-03-19 11:35:47,0.1659481611581373,True,565.9201,2025-03-19 11:55:46,0.3991874678446766,0.0,False,563.67
2025-03-19 12:57:47,564.8,high,False,,,,False,,,,,False,
2025-03-19 13:06:46,564.54,high,False,,,,False,,,,,False,
2025-03-19 13:31:47,563.12,high,True,565.34,2025-03-19 14:17:46,0.39423213524648876,True,565.77,2025-03-19 14:35:46,0.4705924136951231,0.0,False,563.12
2025-03-19 15:59:48,567.01,high,False,,,,False,,,,,False,
2025-03-20 12:18:56,567.81,high,False,,,,False,,,,,False,
2025-03-20 12:29:56,566.24,medium,False,,,,False,,,,,False,
2025-03-20 13:01:56,566.21,medium,False,,,,False,,,,,False,
2025-03-20 13:28:57,564.76,low,False,,,,False,,,,,False,
2025-03-20 14:03:56,565.53,high,False,,,,False,,,,,False,
2025-03-20 14:22:55,564.87,medium,False,,,,False,,,,,False,
2025-03-20 15:30:59,565.28,low,False,,,,False,,,,,False,
2025-03-21 09:50:31,559.82,high,False,,,,False,,,,,False,
2025-03-21 10:04:33,559.4,low,False,,,,False,,,,,False,
2025-03-21 11:23:32,560.021,high,False,,,,False,,,,,False,
2025-03-21 11:55:31,559.73,high,True,561.1311,2025-03-21 12:13:31,0.2503171171814854,True,562.79,2025-03-21 12:53:31,0.5466921551462215,0.0,False,559.73
2025-03-21 13:30:31,562.03,high,True,563.16,2025-03-21 13:45:32,0.20105688308453204,True,563.1,2025-03-21 15:51:33,0.1903812963720887,0.0,False,562.03
2025-03-24 12:26:49,573.44,high,False,,,,False,,,,,False,
2025-03-24 13:11:48,572.72,high,False,,,,False,,,,,False,
2025-03-24 14:04:52,572.3076,medium,False,,,,False,,,,,False,
2025-03-24 15:12:49,573.92,high,True,574.03,2025-03-24 15:41:48,0.019166434346252727,True,574.23,2025-03-24 15:44:50,0.05401449679398856,0.0,False,573.92
2025-03-25 09:44:51,574.78,low,False,,,,False,,,,,False,
2025-03-25 10:05:49,574.51,low,True,575.41,2025-03-25 10:23:47,0.15665523663643405,True,575.497,2025-03-25 10:28:48,0.1717985761779545,0.0,False,574.51
2025-03-25 11:29:49,575.69,high,False,,,,False,,,,,False,
2025-03-25 12:07:48,574.6801,low,False,,,,False,,,,,False,
2025-03-25 12:22:48,574.78,low,False,,,,False,,,,,False,
2025-03-25 12:28:48,574.57,low,False,,,,False,,,,,False,
2025-03-25 12:49:51,574.65,low,False,,,,False,,,,,False,
2025-03-25 13:21:48,574.6,low,False,,,,False,,,,,False,
2025-03-25 13:48:48,574.35,low,False,,,,False,,,,,False,
2025-03-25 14:07:49,573.9,low,False,,,,False,,,,,False,
2025-03-25 15:04:50,574.335,low,False,,,,False,,,,,False,
2025-03-25 15:31:51,574.47,low,False,,,,False,,,,,False,
2025-03-25 15:36:49,574.39,low,True,575.81,2025-03-26 09:39:53,0.2472187886279286,False,,,,2.0,True,573.63
2025-03-26 09:47:51,575.17,high,False,,,,False,,,,,False,
2025-03-26 09:59:53,573.63,low,False,,,,False,,,,,False,
2025-03-26 10:18:51,573.65,low,False,,,,False,,,,,False,
2025-03-26 10:53:51,573.785,low,False,,,,False,,,,,False,
2025-03-26 11:22:51,572.94,medium,False,,,,False,,,,,False,
2025-03-26 11:29:54,572.34,low,False,,,,False,,,,,False,
2025-03-26 11:47:51,572.1,low,False,,,,False,,,,,False,
2025-03-26 12:27:51,570.8099,low,False,,,,False,,,,,False,
2025-03-26 12:53:51,570.0632,low,False,,,,False,,,,,False,
2025-03-26 13:02:53,569.92,low,False,,,,False,,,,,False,
2025-03-26 13:32:51,568.38,low,False,,,,False,,,,,False,
2025-03-26 13:53:52,568.33,low,False,,,,False,,,,,False,
2025-03-26 14:48:52,567.34,low,False,,,,False,,,,,False,
2025-03-26 15:06:51,567.55,low,False,,,,False,,,,,False,
2025-03-26 15:29:54,567.7,low,False,,,,False,,,,,False,
2025-03-27 09:39:02,565.385,low,True,568.81,2025-03-27 10:00:05,0.6057819008286309,True,570.37,2025-03-27 10:46:03,0.8817000804761381,0.0,False,565.385
2025-03-27 11:32:02,569.4,high,True,569.52,2025-03-27 12:21:02,0.02107481559536434,False,,,,1.0,True,566.82
2025-03-27 12:57:04,566.82,medium,False,,,,False,,,,,False,
2025-03-27 13:33:03,567.44,high,True,569.7497,2025-03-27 15:23:04,0.40703862963483484,False,,,,2.0,True,566.125
2025-03-27 15:52:04,567.69,medium,False,,,,False,,,,,False,
2025-03-28 10:14:03,561.38,low,False,,,,False,,,,,False,
2025-03-28 10:33:03,559.0,low,False,,,,False,,,,,False,
2025-03-28 10:52:04,558.78,low,False,,,,False,,,,,False,
2025-03-28 11:07:03,558.14,low,False,,,,False,,,,,False,
2025-03-28 11:50:05,559.07,low,False,,,,False,,,,,False,
2025-03-28 12:24:03,556.8387,low,False,,,,False,,,,,False,
2025-03-28 12:47:02,557.12,low,False,,,,False,,,,,False,
2025-03-28 13:06:04,555.96,low,False,,,,False,,,,,False,
2025-03-28 13:40:06,555.75,low,False,,,,False,,,,,False,
2025-03-28 14:35:05,555.995,low,False,,,,False,,,,,False,
2025-03-28 14:48:03,555.372,low,False,,,,False,,,,,False,
2025-03-28 15:20:06,555.909,high,False,,,,False,,,,,False,
2025-03-28 15:36:03,555.36,low,False,,,,False,,,,,False,
2025-03-28 15:52:04,555.73,low,False,,,,False,,,,,False,
2025-03-31 09:38:48,549.0899,low,True,550.09,2025-03-31 09:57:50,0.18213775194191129,True,553.3553,2025-03-31 11:38:49,0.7768126858643938,1.0,False,549.69
2025-03-31 10:27:49,549.69,high,True,553.3553,2025-03-31 11:38:49,0.6667940111699324,True,554.3769,2025-03-31 12:28:49,0.8526442176499341,0.0,False,549.69
2025-04-01 09:42:51,556.475,low,False,,,,False,,,,,False,
2025-04-01 10:08:49,555.21,low,True,558.03,2025-04-01 10:46:48,0.5079159237045328,True,560.49,2025-04-01 11:09:50,0.9509915167233971,0.0,False,555.21
2025-04-01 12:31:50,560.5477,high,False,,,,False,,,,,False,
2025-04-01 13:19:50,559.77,high,False,,,,False,,,,,False,
2025-04-01 13:57:50,559.465,high,False,,,,False,,,,,False,
2025-04-01 14:02:49,557.92,medium,False,,,,False,,,,,False,
2025-04-01 14:24:51,556.43,medium,True,560.73,2025-04-01 15:55:49,0.7727836385529301,True,558.73,2025-04-02 09:40:50,0.4133493880632009,0.0,False,556.43
2025-04-02 13:46:50,564.11,high,False,,,,False,,,,,False,
2025-04-02 14:05:50,562.837,high,True,565.39,2025-04-02 15:56:50,0.4535949129143957,False,,,,1.0,True,543.075
2025-04-03 10:17:33,543.075,medium,False,,,,False,,,,,False,
2025-04-03 10:48:33,541.16,low,True,545.19,2025-04-03 12:30:33,0.7446965777219466,False,,,,5.0,True,540.53
2025-04-03 12:37:35,544.53,high,False,,,,False,,,,,False,
2025-04-03 13:17:32,543.08,high,False,,,,False,,,,,False,
2025-04-03 13:29:35,542.26,medium,False,,,,False,,,,,False,
2025-04-03 14:08:34,541.33,low,False,,,,False,,,,,False,
2025-04-03 14:26:34,540.53,medium,False,,,,False,,,,,False,
2025-04-03 15:17:34,538.9,medium,False,,,,False,,,,,False,
2025-04-03 15:35:34,538.27,low,False,,,,False,,,,,False,
2025-04-03 15:57:35,537.71,medium,False,,,,False,,,,,False,
2025-04-04 09:39:49,521.67,low,True,522.48,2025-04-04 09:48:48,0.15527057335098035,False,,,,1.0,True,518.11
2025-04-04 10:16:46,518.11,low,False,,,,False,,,,,False,
2025-04-04 12:17:47,513.54,low,False,,,,False,,,,,False,
2025-04-04 12:35:47,512.11,low,False,,,,False,,,,,False,
2025-04-04 13:06:47,511.472,medium,False,,,,False,,,,,False,
2025-04-04 14:10:47,512.51,low,False,,,,False,,,,,False,
2025-04-04 14:32:49,508.21,low,False,,,,False,,,,,False,
2025-04-04 15:53:48,506.6,low,False,,,,False,,,,,False,
2025-04-07 10:35:45,497.24,high,False,,,,False,,,,,False,
2025-04-07 11:25:44,495.08,medium,False,,,,False,,,,,False,
2025-04-07 12:23:44,496.69,medium,False,,,,False,,,,,False,
2025-04-07 14:33:45,505.34,high,False,,,,False,,,,,False,
2025-04-07 14:57:44,503.71,medium,False,,,,False,,,,,False,
2025-04-07 15:16:44,501.64,medium,False,,,,False,,,,,False,
2025-04-08 09:41:48,518.65,low,True,520.335,2025-04-08 09:45:48,0.3248819049455431,True,523.0799,2025-04-08 09:58:46,0.8541212763906246,0.0,False,518.65
2025-04-08 10:49:50,520.83,medium,False,,,,False,,,,,False,
2025-04-08 11:57:47,516.68,medium,False,,,,False,,,,,False,
2025-04-08 12:16:47,514.56,low,False,,,,False,,,,,False,
2025-04-08 12:23:50,512.23,low,False,,,,False,,,,,False,
2025-04-08 12:52:48,510.23,medium,False,,,,False,,,,,False,
2025-04-08 13:12:48,504.32,low,False,,,,False,,,,,False,
2025-04-08 13:37:48,503.76,medium,False,,,,False,,,,,False,
2025-04-08 14:13:48,503.14,low,False,,,,False,,,,,False,
2025-04-08 15:08:49,498.61,low,False,,,,False,,,,,False,
2025-04-08 15:48:48,490.15,low,True,501.24,2025-04-09 09:56:47,2.262572681832099,True,500.87,2025-04-09 12:51:47,2.187085586045094,3.0,False,493.83
2025-04-09 10:15:47,497.53,high,False,,,,False,,,,,False,
2025-04-09 10:52:48,493.83,low,False,,,,False,,,,,False,
2025-04-09 11:44:48,495.275,low,True,500.87,2025-04-09 12:51:47,1.1296754328403469,True,504.26,2025-04-09 13:03:48,1.8141436575639824,0.0,False,495.275
2025-04-10 09:39:04,531.33,low,False,,,,False,,,,,False,
2025-04-10 11:17:06,525.62,low,False,,,,False,,,,,False,
2025-04-10 12:02:04,518.01,low,False,,,,False,,,,,False,
2025-04-10 13:15:07,514.57,low,False,,,,False,,,,,False,
2025-04-10 14:17:07,522.18,high,False,,,,False,,,,,False,
2025-04-10 14:54:05,524.62,high,False,,,,False,,,,,False,
2025-04-10 15:45:10,520.0575,medium,True,527.19,2025-04-11 09:49:41,1.3714829610187431,True,530.79,2025-04-11 12:41:38,2.0637141085360673,3.0,False,522.0
2025-04-11 10:13:37,525.8406,high,False,,,,False,,,,,False,
2025-04-11 10:24:42,522.0,low,False,,,,False,,,,,False,
2025-04-11 11:12:38,522.8304,high,True,530.79,2025-04-11 12:41:38,1.5224057361622256,True,532.4312,2025-04-11 12:57:38,1.8363125021039202,0.0,False,522.8304
2025-04-11 14:27:38,532.24,high,True,533.97,2025-04-11 15:03:38,0.3250413347362126,True,535.11,2025-04-11 15:22:40,0.5392304223658508,0.0,False,532.24
2025-04-14 09:59:47,540.47,medium,True,543.32,2025-04-14 10:51:46,0.5273188151053755,False,,,,2.0,True,538.78
2025-04-14 11:07:46,541.08,medium,False,,,,False,,,,,False,
2025-04-14 11:28:46,538.78,low,False,,,,False,,,,,False,
2025-04-14 13:03:46,535.96,medium,True,542.485,2025-04-14 15:13:46,1.2174416001194077,True,540.6102,2025-04-15 09:37:53,0.8676393760728276,1.0,False,538.54
2025-04-14 15:57:46,538.54,medium,True,540.6102,2025-04-15 09:37:53,0.38440970030081334,True,541.7759,2025-04-15 09:44:52,0.600865302484498,0.0,False,538.54
2025-04-15 09:58:50,541.93,high,False,,,,False,,,,,False,
2025-04-15 10:39:53,539.9,medium,False,,,,False,,,,,False,
2025-04-15 11:28:51,540.432,medium,False,,,,False,,,,,False,
2025-04-15 11:45:52,540.7386,medium,False,,,,False,,,,,False,
2025-04-15 12:55:50,538.8588,low,False,,,,False,,,,,False,
2025-04-15 13:10:51,539.245,medium,False,,,,False,,,,,False,
2025-04-15 14:15:51,536.82,medium,False,,,,False,,,,,False,
2025-04-15 15:02:51,538.33,high,False,,,,False,,,,,False,
2025-04-15 15:49:52,537.76,medium,False,,,,False,,,,,False,
2025-04-16 10:14:50,530.15,medium,True,534.64,2025-04-16 11:29:49,0.8469301141186474,False,,,,3.0,True,529.25
2025-04-16 12:40:46,530.5401,low,False,,,,False,,,,,False,
2025-04-16 12:59:48,530.89,low,False,,,,False,,,,,False,
2025-04-16 13:32:46,529.25,low,False,,,,False,,,,,False,
2025-04-16 14:05:49,525.635,medium,False,,,,False,,,,,False,
2025-04-16 14:39:48,524.1356,low,False,,,,False,,,,,False,
2025-04-16 15:24:49,520.7327,low,True,528.43,2025-04-17 09:56:47,1.4781672055547745,False,,,,5.0,True,519.36
2025-04-17 10:31:46,524.98,low,False,,,,False,,,,,False,
2025-04-17 13:43:47,528.19,high,False,,,,False,,,,,False,
2025-04-17 14:48:47,530.03,high,False,,,,False,,,,,False,
2025-04-17 15:48:48,526.8555,medium,False,,,,False,,,,,False,
2025-04-21 09:45:04,519.36,low,False,,,,False,,,,,False,
2025-04-21 10:01:01,516.88,low,False,,,,False,,,,,False,
2025-04-21 10:22:02,515.3,low,False,,,,False,,,,,False,
2025-04-21 10:52:02,514.71,low,False,,,,False,,,,,False,
2025-04-21 11:08:01,514.17,low,False,,,,False,,,,,False,
2025-04-21 11:26:04,513.36,low,False,,,,False,,,,,False,
2025-04-21 11:33:01,512.475,low,False,,,,False,,,,,False,
2025-04-21 11:54:00,511.16,low,False,,,,False,,,,,False,
2025-04-21 13:06:02,510.16,low,False,,,,False,,,,,False,
2025-04-21 13:21:01,510.42,low,False,,,,False,,,,,False,
2025-04-21 14:05:04,508.68,low,False,,,,False,,,,,False,
2025-04-21 15:04:01,509.68,high,False,,,,False,,,,,False,
2025-04-22 09:54:53,521.25,high,True,523.0,2025-04-22 10:09:52,0.3357314148681055,True,525.275,2025-04-22 11:09:54,0.7721822541966383,0.0,False,521.25
2025-04-22 13:13:50,525.81,high,False,,,,False,,,,,False,
2025-04-22 13:17:50,524.54,medium,False,,,,False,,,,,False,
2025-04-22 13:33:50,522.44,medium,False,,,,False,,,,,False,
2025-04-22 15:18:50,524.9584,medium,True,527.36,2025-04-22 15:58:50,0.45748386919802225,True,538.27,2025-04-24 09:50:01,2.5357437846503643,10.0,False,534.63
2025-04-23 10:05:01,542.87,low,False,,,,False,,,,,False,
2025-04-23 10:25:01,543.29,high,False,,,,False,,,,,False,
2025-04-23 11:05:02,542.62,medium,False,,,,False,,,,,False,
2025-04-23 11:20:01,540.99,low,False,,,,False,,,,,False,
2025-04-23 11:51:01,536.38,low,False,,,,False,,,,,False,
2025-04-23 12:17:01,535.66,low,False,,,,False,,,,,False,
2025-04-23 13:01:02,537.75,medium,False,,,,False,,,,,False,
2025-04-23 13:36:03,537.37,medium,False,,,,False,,,,,False,
2025-04-23 14:09:01,537.92,high,False,,,,False,,,,,False,
2025-04-23 15:22:02,534.63,low,True,538.27,2025-04-24 09:50:01,0.6808446963320401,True,539.715,2025-04-24 10:11:59,0.9511250771561709,0.0,False,534.63
2025-04-25 11:44:55,545.9,high,True,547.63,2025-04-25 12:12:49,0.31690785858216125,True,548.43,2025-04-25 12:24:53,0.46345484520974045,0.0,False,545.9
2025-04-25 13:46:50,548.58,high,True,550.24,2025-04-25 14:36:51,0.3025994385504335,True,550.61,2025-04-25 15:54:53,0.37004630135986954,1.0,False,549.35
2025-04-25 15:31:51,549.35,high,True,550.61,2025-04-25 15:54:53,0.22936197324110144,False,,,,4.0,True,549.13
2025-04-28 09:52:53,552.26,high,False,,,,False,,,,,False,
2025-04-28 10:09:56,551.0652,high,False,,,,False,,,,,False,
2025-04-28 10:55:52,550.935,high,False,,,,False,,,,,False,
2025-04-28 11:10:53,549.13,low,False,,,,False,,,,,False,
2025-04-28 11:23:53,548.2412,low,False,,,,False,,,,,False,
2025-04-28 11:40:53,548.43,medium,False,,,,False,,,,,False,
2025-04-28 12:38:54,546.47,low,False,,,,False,,,,,False,
2025-04-28 13:31:53,545.13,medium,False,,,,False,,,,,False,
2025-04-29 09:37:30,549.38,low,True,550.15,2025-04-29 09:43:29,0.1401579962867199,True,550.805,2025-04-29 09:54:30,0.25938330481633015,0.0,False,549.38
2025-04-29 10:23:30,550.22,medium,True,552.81,2025-04-29 10:55:35,0.47072080258804083,True,551.31,2025-04-29 11:34:30,0.19810257715094293,0.0,False,550.22
2025-04-29 12:39:30,552.37,high,False,,,,False,,,,,False,
2025-04-29 12:50:40,551.6099,medium,True,553.925,2025-04-29 13:46:30,0.4196987762547256,True,555.23,2025-04-29 14:06:31,0.6562790116711066,0.0,False,551.6099
2025-04-30 09:51:24,543.29,low,True,548.2401,2025-04-30 11:08:22,0.9111340168234314,True,549.12,2025-04-30 11:31:23,1.0730917189714593,0.0,False,543.29
2025-04-30 12:26:23,548.375,high,True,549.42,2025-04-30 12:51:23,0.1905630271255909,False,,,,1.0,True,547.92
2025-04-30 13:14:23,547.92,high,False,,,,False,,,,,False,
2025-04-30 15:48:23,552.7501,high,True,554.91,2025-04-30 15:53:23,0.39075524364445946,True,562.21,2025-05-01 10:36:48,1.7114243850883177,1.0,False,559.6125
2025-05-01 09:39:50,559.6125,low,True,562.21,2025-05-01 10:36:48,0.4641604681811221,True,563.16,2025-05-01 10:57:47,0.633920793406154,0.0,False,559.6125
2025-05-01 11:57:49,560.0925,low,False,,,,False,,,,,False,
2025-05-01 12:24:50,559.445,low,False,,,,False,,,,,False,
2025-05-01 13:42:49,560.26,low,False,,,,False,,,,,False,
2025-05-01 15:53:48,560.94,medium,False,,,,False,,,,,False,
2025-05-01 15:58:47,558.52,low,False,,,,False,,,,,False,
2025-05-02 09:48:06,563.83,low,True,565.52,2025-05-02 10:31:06,0.2997357359487684,True,565.9599,2025-05-02 11:00:12,0.37775570650726403,0.0,False,563.83
2025-05-02 13:17:07,566.62,high,True,567.75,2025-05-02 14:22:07,0.1994281882037336,True,568.11,2025-05-02 14:39:07,0.26296283223324435,0.0,False,566.62
2025-05-05 09:40:07,562.125,low,True,564.36,2025-05-05 10:43:47,0.39759839893262416,True,565.16,2025-05-05 11:01:47,0.5399154992216977,0.0,False,562.125
2025-05-05 15:27:49,564.95,high,False,,,,False,,,,,False,
2025-05-05 15:47:49,564.35,medium,False,,,,False,,,,,False,
2025-05-06 09:50:38,557.63,low,True,559.93,2025-05-06 10:19:44,0.41245987482738633,True,561.1115,2025-05-06 10:47:38,0.6243387192224203,0.0,False,557.63
2025-05-06 11:44:43,560.745,high,False,,,,False,,,,,False,
2025-05-06 12:24:41,560.4601,high,False,,,,False,,,,,False,
2025-05-06 13:42:39,558.83,medium,False,,,,False,,,,,False,
2025-05-06 15:51:39,560.11,high,True,561.4051,2025-05-07 10:03:03,0.23122243844957846,True,561.82,2025-05-07 10:29:02,0.3052971737694446,0.0,False,560.11
2025-05-07 10:55:08,559.19,low,False,,,,False,,,,,False,
2025-05-07 12:26:01,559.52,medium,True,561.5749,2025-05-07 13:15:08,0.3672612239062009,False,,,,2.0,True,557.65
2025-05-07 13:38:02,560.47,medium,False,,,,False,,,,,False,
2025-05-07 14:52:03,557.65,medium,False,,,,False,,,,,False,
2025-05-07 15:29:02,557.87,medium,True,561.96,2025-05-07 15:44:03,0.7331457149515177,True,564.58,2025-05-08 09:42:47,1.202789180274981,1.0,False,565.05
2025-05-08 09:37:47,565.05,low,False,,,,False,,,,,False,
2025-05-08 09:58:48,564.01,high,False,,,,False,,,,,False,
2025-05-08 10:54:52,562.74,low,True,566.25,2025-05-08 11:25:49,0.6237338735472848,True,569.04,2025-05-08 11:44:52,1.1195223371361471,0.0,False,562.74
2025-05-08 13:59:52,567.6899,high,False,,,,False,,,,,False,
2025-05-08 15:02:50,567.89,high,True,569.18,2025-05-08 15:22:50,0.22715666766450607,False,,,,1.0,True,565.72
2025-05-08 15:53:48,565.72,medium,False,,,,False,,,,,False,
2025-05-09 09:55:52,566.59,high,False,,,,False,,,,,False,
2025-05-09 10:20:49,565.61,low,False,,,,False,,,,,False,
2025-05-09 10:42:49,563.92,low,False,,,,False,,,,,False,
2025-05-09 11:21:50,564.43,low,False,,,,False,,,,,False,
2025-05-09 12:49:53,563.35,low,False,,,,False,,,,,False,
2025-05-09 13:07:49,563.3912,low,False,,,,False,,,,,False,
2025-05-09 14:19:53,564.43,medium,False,,,,False,,,,,False,
2025-05-09 15:55:50,564.29,high,False,,,,False,,,,,False,
2025-05-12 09:48:49,578.73,low,False,,,,False,,,,,False,
2025-05-12 10:29:56,578.26,low,False,,,,False,,,,,False,
2025-05-12 11:11:49,579.21,high,False,,,,False,,,,,False,
2025-05-12 11:53:48,578.25,medium,True,579.74,2025-05-12 12:39:55,0.2576740164288818,True,581.94,2025-05-12 13:10:49,0.6381322957198539,0.0,False,578.25
2025-05-12 15:01:51,581.37,high,True,581.84,2025-05-12 15:21:49,0.080843524777685,True,581.89,2025-05-12 15:56:55,0.08944389975402614,0.0,False,581.37
2025-05-13 12:09:56,587.195,high,True,588.005,2025-05-13 12:39:51,0.1379439538824318,True,588.15,2025-05-13 12:56:52,0.16263762463916198,0.0,False,587.195
2025-05-13 15:52:51,587.6476,high,False,,,,False,,,,,False,
2025-05-14 09:39:53,588.3,low,False,,,,False,,,,,False,
2025-05-14 09:49:52,586.97,low,False,,,,False,,,,,False,
2025-05-14 10:06:46,587.465,low,False,,,,False,,,,,False,
2025-05-14 11:06:46,585.9999,low,True,588.1699,2025-05-14 12:07:51,0.370307230427848,False,,,,2.0,True,585.865
2025-05-14 13:16:47,586.55,medium,False,,,,False,,,,,False,
2025-05-14 13:23:47,585.865,low,False,,,,False,,,,,False,
2025-05-14 14:29:52,586.86,medium,False,,,,False,,,,,False,
2025-05-14 15:22:47,587.0499,medium,False,,,,False,,,,,False,
2025-05-15 09:50:49,585.28,low,True,586.67,2025-05-15 10:02:48,0.23749316566429512,True,586.32,2025-05-15 10:26:50,0.1776927282668257,0.0,False,585.28
2025-05-15 15:09:53,589.48,high,False,,,,False,,,,,False,
2025-05-15 15:27:48,588.95,high,False,,,,False,,,,,False,
2025-05-16 09:41:48,590.18,low,False,,,,False,,,,,False,
2025-05-16 10:34:54,590.513,low,False,,,,False,,,,,False,
2025-05-16 10:54:53,590.55,high,True,590.9,2025-05-16 11:29:54,0.05926678520024092,True,591.21,2025-05-16 11:31:50,0.11176022352046092,0.0,False,590.55
2025-05-16 11:59:52,591.045,high,True,591.43,2025-05-16 12:03:48,0.06513886421507516,True,592.2401,2025-05-16 12:16:49,0.20220118603490853,0.0,False,591.045
2025-05-19 14:19:29,593.58,high,False,,,,False,,,,,False,
2025-05-19 15:16:34,593.805,high,True,594.31,2025-05-19 15:49:28,0.08504475374912564,False,,,,1.0,True,593.09
2025-05-20 09:37:45,593.09,low,False,,,,False,,,,,False,
2025-05-20 09:53:47,593.42,high,False,,,,False,,,,,False,
2025-05-20 09:59:49,592.84,low,True,593.143,2025-05-20 10:35:46,0.051109911611901565,False,,,,3.0,True,592.655
2025-05-20 11:02:47,593.0,medium,False,,,,False,,,,,False,
2025-05-20 11:30:47,593.5,medium,False,,,,False,,,,,False,
2025-05-20 11:45:45,592.655,medium,False,,,,False,,,,,False,
2025-05-20 12:17:47,592.5899,low,True,593.38,2025-05-20 12:59:56,0.13332998081810918,False,,,,2.0,True,591.58
2025-05-20 13:34:52,592.98,medium,False,,,,False,,,,,False,
2025-05-20 14:21:47,591.58,low,False,,,,False,,,,,False,
2025-05-20 14:29:49,590.81,low,False,,,,False,,,,,False,
2025-05-20 14:56:47,591.0,low,False,,,,False,,,,,False,
2025-05-21 10:13:48,590.05,high,False,,,,False,,,,,False,
2025-05-21 10:32:47,589.49,medium,True,590.7001,2025-05-21 11:05:47,0.20527913959524527,True,591.54,2025-05-21 11:31:47,0.34775823169179365,0.0,False,589.49
2025-05-21 13:18:48,587.89,low,False,,,,False,,,,,False,
2025-05-21 13:58:47,585.94,high,False,,,,False,,,,,False,
2025-05-21 15:33:48,583.57,high,False,,,,False,,,,,False,
2025-05-22 09:38:47,582.03,high,False,,,,False,,,,,False,
2025-05-22 10:22:47,583.18,high,False,,,,False,,,,,False,
2025-05-22 10:56:46,581.82,low,False,,,,False,,,,,False,
2025-05-22 11:31:47,582.93,high,False,,,,False,,,,,False,
2025-05-22 12:46:47,583.93,high,False,,,,False,,,,,False,
2025-05-22 13:03:49,582.89,medium,True,585.08,2025-05-22 13:50:47,0.37571411415533884,True,585.51,2025-05-22 14:13:49,0.44948446533651365,0.0,False,582.89
2025-05-22 15:46:47,584.655,high,False,,,,False,,,,,False,
2025-05-23 09:43:34,576.57,high,True,576.66,2025-05-23 09:56:33,0.015609553046450238,True,578.29,2025-05-23 10:14:38,0.29831590266574975,0.0,False,576.57
2025-05-23 11:06:36,576.88,medium,True,578.39,2025-05-23 11:26:34,0.2617528775481887,True,578.75,2025-05-23 11:50:36,0.32415753709610395,0.0,False,576.88
2025-05-23 12:14:37,578.1,high,True,579.3328,2025-05-23 12:55:35,0.21325030271579265,True,580.01,2025-05-23 13:13:34,0.3303926656287784,0.0,False,578.1
2025-05-23 15:52:34,579.375,high,True,586.06,2025-05-27 09:51:52,1.1538295577130435,True,587.67,2025-05-27 10:19:58,1.4317152103559798,0.0,False,579.375
2025-05-28 09:37:47,592.07,low,False,,,,False,,,,,False,
2025-05-28 09:55:48,591.06,low,False,,,,False,,,,,False,
2025-05-28 10:10:47,590.625,medium,False,,,,False,,,,,False,
2025-05-28 10:30:52,590.0899,low,False,,,,False,,,,,False,
2025-05-28 10:39:52,589.69,medium,False,,,,False,,,,,False,
2025-05-28 11:13:47,589.58,low,False,,,,False,,,,,False,
2025-05-28 11:36:47,589.11,low,False,,,,False,,,,,False,
2025-05-28 11:58:47,589.145,low,False,,,,False,,,,,False,
2025-05-28 12:24:52,589.6691,low,False,,,,False,,,,,False,
2025-05-28 13:28:49,590.22,high,False,,,,False,,,,,False,
2025-05-28 13:42:48,589.49,high,False,,,,False,,,,,False,
2025-05-28 14:22:48,589.905,high,False,,,,False,,,,,False,
2025-05-28 14:52:48,589.12,low,False,,,,False,,,,,False,
2025-05-28 15:29:55,589.515,medium,False,,,,False,,,,,False,
2025-05-28 15:51:48,588.07,medium,False,,,,False,,,,,False,
2025-05-29 10:12:47,589.0,low,False,,,,False,,,,,False,
2025-05-29 11:23:48,590.1,high,False,,,,False,,,,,False,
2025-05-29 11:33:49,589.24,low,False,,,,False,,,,,False,
2025-05-29 13:30:48,589.525,medium,False,,,,False,,,,,False,
2025-05-29 13:49:54,588.65,medium,False,,,,False,,,,,False,
2025-05-29 14:20:48,587.979,low,False,,,,False,,,,,False,
2025-05-29 14:59:54,588.7901,high,False,,,,False,,,,,False,
2025-05-30 09:41:59,587.85,low,False,,,,False,,,,,False,
2025-05-30 09:58:00,587.505,high,True,588.53,2025-05-30 10:06:02,0.17446660028424904,False,,,,3.0,True,586.86
2025-05-30 10:47:00,589.2401,high,False,,,,False,,,,,False,
2025-05-30 11:21:01,588.32,high,False,,,,False,,,,,False,
2025-05-30 12:24:00,586.86,low,False,,,,False,,,,,False,
2025-05-30 12:31:00,584.31,medium,False,,,,False,,,,,False,
2025-05-30 12:46:04,584.51,medium,False,,,,False,,,,,False,
2025-05-30 12:54:00,583.85,low,True,589.391,2025-05-30 15:04:01,0.9490451314549867,True,590.825,2025-05-30 15:57:01,1.1946561616853681,0.0,False,583.85
2025-06-02 09:51:50,587.463,low,True,589.33,2025-06-02 10:59:56,0.3178072491374054,True,589.61,2025-06-02 11:51:50,0.3654698253336888,1.0,False,588.5
2025-06-02 11:36:51,588.5,high,True,589.61,2025-06-02 11:51:50,0.18861512319456475,True,589.65,2025-06-02 12:11:51,0.19541206457093918,0.0,False,588.5
2025-06-03 09:40:55,592.48,low,True,592.49,2025-06-03 09:55:00,0.0016878206859287914,True,594.77,2025-06-03 11:05:04,0.3865109370780387,0.0,False,592.48
2025-06-03 15:50:57,595.7699,high,True,596.25,2025-06-03 15:56:56,0.08058480295832218,True,597.53,2025-06-04 11:04:54,0.29543285083720505,3.0,False,597.63
2025-06-04 09:42:50,597.78,low,False,,,,False,,,,,False,
2025-06-04 09:50:50,597.7,low,False,,,,False,,,,,False,
2025-06-04 09:52:55,597.63,low,False,,,,False,,,,,False,
2025-06-04 11:30:50,596.815,high,False,,,,False,,,,,False,
2025-06-04 12:38:49,596.15,low,True,596.39,2025-06-04 12:40:51,0.040258324247254736,True,597.42,2025-06-04 13:45:00,0.21303363247504517,0.0,False,596.15
2025-06-04 15:42:51,596.61,high,False,,,,False,,,,,False,
2025-06-04 15:52:52,596.36,low,True,597.5236,2025-06-05 11:02:17,0.1951170433966017,True,598.37,2025-06-05 11:18:19,0.33704473807766966,0.0,False,596.36
2025-06-05 12:18:17,597.6199,high,False,,,,False,,,,,False,
2025-06-05 12:54:17,595.26,low,False,,,,False,,,,,False,
2025-06-05 14:04:19,595.18,low,False,,,,False,,,,,False,
2025-06-05 14:18:17,594.0,low,False,,,,False,,,,,False,
2025-06-05 15:14:18,593.8,low,False,,,,False,,,,,False,
2025-06-05 15:18:18,591.74,low,False,,,,False,,,,,False,
2025-06-05 15:54:18,592.65,medium,True,600.265,2025-06-06 09:42:49,1.2849067746562068,True,600.15,2025-06-06 11:08:49,1.2655024044545686,1.0,False,599.059
2025-06-06 10:32:48,599.059,low,True,600.15,2025-06-06 11:08:49,0.1821189565635452,False,,,,1.0,True,597.76
2025-06-06 11:20:51,597.76,low,False,,,,False,,,,,False,
2025-06-06 11:42:49,598.37,low,False,,,,False,,,,,False,
2025-06-06 12:28:50,598.6,medium,False,,,,False,,,,,False,
2025-06-06 12:45:49,597.775,low,False,,,,False,,,,,False,
2025-06-06 13:13:51,597.605,low,True,600.26,2025-06-06 14:35:50,0.4442733912868822,True,599.34,2025-06-06 15:21:49,0.29032554948503,0.0,False,597.605
2025-06-09 09:45:51,599.23,high,True,599.6,2025-06-09 10:12:50,0.06174590724763522,False,,,,1.0,True,599.22
2025-06-09 11:26:52,599.22,high,True,599.83,2025-06-09 11:58:51,0.10179900537365467,True,599.7,2025-06-09 12:16:52,0.08010413537599183,0.0,False,599.22
2025-06-09 14:40:52,600.5299,high,True,600.87,2025-06-09 14:54:54,0.056633316675823595,False,,,,1.0,True,600.44
2025-06-09 15:46:52,600.08,high,False,,,,False,,,,,False,
2025-06-10 10:08:49,600.7,low,True,600.9421,2025-06-10 10:10:49,0.04030297985682315,True,601.54,2025-06-10 10:44:53,0.13983685700015283,0.0,False,600.7
2025-06-10 11:32:49,600.11,low,False,,,,False,,,,,False,
2025-06-10 11:34:55,600.04,low,True,601.75,2025-06-10 12:24:55,0.2849810012665883,True,601.935,2025-06-10 12:36:49,0.3158122791813849,0.0,False,600.04
2025-06-10 13:32:50,601.87,high,False,,,,False,,,,,False,
2025-06-10 14:02:50,600.91,low,True,602.6,2025-06-10 14:58:49,0.2812401191526276,True,602.905,2025-06-10 15:58:50,0.331996472017441,1.0,False,602.08
2025-06-10 15:44:53,602.08,high,True,602.905,2025-06-10 15:58:50,0.13702498006908245,True,604.801,2025-06-11 10:51:50,0.45193329790061176,1.0,False,603.08
2025-06-11 09:49:55,603.08,low,True,604.801,2025-06-11 10:51:50,0.28536844199774547,True,603.74,2025-06-11 11:09:54,0.10943821715194801,0.0,False,603.08
2025-06-11 11:49:55,603.6601,medium,False,,,,False,,,,,False,
2025-06-11 13:45:50,603.58,medium,False,,,,False,,,,,False,
2025-06-11 14:03:51,601.17,medium,False,,,,False,,,,,False,
2025-06-11 14:21:49,600.45,high,False,,,,False,,,,,False,
2025-06-11 14:57:50,601.15,high,False,,,,False,,,,,False,
2025-06-11 15:33:50,600.03,low,True,600.55,2025-06-12 09:46:18,0.08666233354998613,True,602.43,2025-06-12 10:26:17,0.39998000099994624,0.0,False,600.03
2025-06-12 15:45:20,602.73,high,True,603.015,2025-06-12 15:55:22,0.04728485391468289,False,,,,1.0,True,598.49
2025-06-13 09:56:52,598.49,low,False,,,,False,,,,,False,
2025-06-13 10:12:50,597.65,low,True,600.57,2025-06-13 11:22:52,0.48858027273489046,True,600.42,2025-06-13 11:40:50,0.46348197105328903,0.0,False,597.65
2025-06-13 12:40:51,600.775,high,False,,,,False,,,,,False,
2025-06-13 13:12:51,600.15,high,False,,,,False,,,,,False,
2025-06-13 14:08:51,598.72,medium,False,,,,False,,,,,False,
2025-06-13 14:44:54,596.18,low,False,,,,False,,,,,False,
2025-06-13 15:56:50,596.18,high,False,,,,False,,,,,False,
2025-06-16 09:42:33,601.435,low,True,601.53,2025-06-16 09:48:34,0.01579555562945743,True,603.435,2025-06-16 10:04:33,0.33253801325163984,0.0,False,601.435
2025-06-16 11:04:33,603.76,high,False,,,,False,,,,,False,
2025-06-16 11:58:35,603.16,high,False,,,,False,,,,,False,
2025-06-16 12:44:35,602.61,medium,False,,,,False,,,,,False,
2025-06-16 13:14:33,602.43,medium,False,,,,False,,,,,False,
2025-06-16 14:37:35,602.28,medium,False,,,,False,,,,,False,
2025-06-16 15:11:34,601.86,low,False,,,,False,,,,,False,
2025-06-16 15:51:34,602.18,high,False,,,,False,,,,,False,
2025-06-17 11:28:32,600.5724,high,True,601.11,2025-06-17 12:02:32,0.0895146030686721,True,601.47,2025-06-17 12:20:33,0.14945741762358897,0.0,False,600.5724
2025-06-17 12:46:32,601.04,high,False,,,,False,,,,,False,
2025-06-17 13:28:33,599.08,low,False,,,,False,,,,,False,
2025-06-17 14:10:33,598.1,high,False,,,,False,,,,,False,
2025-06-17 14:48:32,597.37,low,False,,,,False,,,,,False,
2025-06-17 15:42:32,597.67,low,False,,,,False,,,,,False,
2025-06-18 09:40:52,598.03,low,True,601.12,2025-06-18 10:34:55,0.5166964867983265,False,,,,6.0,True,597.68
2025-06-18 11:16:54,600.38,high,False,,,,False,,,,,False,
2025-06-18 12:36:51,599.59,low,False,,,,False,,,,,False,
2025-06-18 13:14:56,599.45,medium,False,,,,False,,,,,False,
2025-06-18 14:36:51,599.42,high,False,,,,False,,,,,False,
2025-06-18 14:52:51,598.945,medium,False,,,,False,,,,,False,
2025-06-18 15:56:50,597.68,medium,True,599.3393,2025-06-20 09:44:52,0.2776234774461301,False,,,,1.0,True,595.59
2025-06-20 10:26:48,595.59,low,False,,,,False,,,,,False,
2025-06-20 10:42:49,595.02,low,False,,,,False,,,,,False,
2025-06-20 11:02:49,593.83,low,False,,,,False,,,,,False,
2025-06-20 13:04:55,595.06,high,False,,,,False,,,,,False,
2025-06-20 13:26:49,594.2804,low,False,,,,False,,,,,False,
2025-06-20 13:54:55,593.72,high,False,,,,False,,,,,False,
2025-06-20 14:57:49,593.61,low,False,,,,False,,,,,False,
2025-06-20 15:43:51,593.62,high,True,595.47,2025-06-23 09:40:59,0.3116471816987337,True,596.65,2025-06-23 09:59:00,0.5104275462416988,0.0,False,593.62
2025-06-23 12:13:06,595.91,high,False,,,,False,,,,,False,
2025-06-23 12:23:02,595.125,medium,True,597.71,2025-06-23 13:29:07,0.4343625288804934,True,598.68,2025-06-23 14:17:05,0.5973534971644529,0.0,False,595.125
2025-06-24 09:54:56,604.499,low,True,605.165,2025-06-24 10:58:51,0.1101738795266725,True,605.3,2025-06-24 11:04:57,0.13250642267397147,0.0,False,604.499
2025-06-25 09:42:41,608.4,low,False,,,,False,,,,,False,
2025-06-25 09:52:41,607.77,low,True,607.78,2025-06-25 09:54:50,0.0016453592641938405,False,,,,1.0,True,607.729
2025-06-25 10:38:45,607.729,low,False,,,,False,,,,,False,
2025-06-25 11:20:42,606.9,low,False,,,,False,,,,,False,
2025-06-25 12:00:42,607.02,low,False,,,,False,,,,,False,
2025-06-25 12:36:42,606.81,low,False,,,,False,,,,,False,
2025-06-25 12:50:41,606.6699,low,False,,,,False,,,,,False,
2025-06-25 13:42:41,606.12,low,False,,,,False,,,,,False,
2025-06-25 14:27:41,606.33,low,False,,,,False,,,,,False,
2025-06-25 14:31:43,606.15,low,False,,,,False,,,,,False,
2025-06-25 15:53:42,606.81,high,False,,,,False,,,,,False,
2025-06-26 09:48:48,608.875,low,True,609.2107,2025-06-26 10:06:49,0.05513446930814606,True,610.465,2025-06-26 10:32:48,0.2611373434613068,0.0,False,608.875
2025-06-26 11:30:50,609.97,high,True,610.92,2025-06-26 12:36:48,0.15574536452611304,True,610.88,2025-06-26 13:02:48,0.1491876649671243,0.0,False,609.97
2025-06-27 10:58:52,614.7993,high,True,615.315,2025-06-27 11:26:52,0.08388103239545622,True,615.98,2025-06-27 11:40:53,0.19204641254471203,0.0,False,614.7993
2025-06-27 13:46:52,614.01,low,False,,,,False,,,,,False,
2025-06-27 14:31:52,612.04,low,False,,,,False,,,,,False,
2025-06-30 09:40:54,616.6951,low,False,,,,False,,,,,False,
2025-06-30 10:20:53,616.2793,low,False,,,,False,,,,,False,
2025-06-30 10:50:53,615.995,low,False,,,,False,,,,,False,
2025-06-30 11:24:57,616.1,low,True,616.695,2025-06-30 12:36:54,0.09657523129362558,True,616.688,2025-06-30 13:00:55,0.0954390521019259,0.0,False,616.1
2025-06-30 13:32:56,616.205,low,False,,,,False,,,,,False,
2025-06-30 13:48:56,616.0787,low,False,,,,False,,,,,False,
2025-06-30 13:58:53,615.78,low,False,,,,False,,,,,False,
2025-06-30 14:32:54,615.67,low,False,,,,False,,,,,False,
2025-06-30 14:52:30,616.26,low,True,617.15,2025-06-30 15:07:55,0.1444195631713865,True,617.482,2025-06-30 15:37:54,0.1982929283094765,0.0,False,616.26
2025-07-01 09:58:50,617.19,high,False,,,,False,,,,,False,
2025-07-01 10:38:50,616.845,low,False,,,,False,,,,,False,
2025-07-01 11:10:51,615.785,high,True,617.97,2025-07-01 12:16:49,0.3548316376657533,True,617.11,2025-07-01 12:46:50,0.2151725033899893,0.0,False,615.785
2025-07-01 12:58:50,617.21,high,True,617.98,2025-07-01 13:12:49,0.12475494564248502,True,617.975,2025-07-01 13:32:50,0.1239448485928592,0.0,False,617.21
2025-07-01 15:00:51,617.388,high,True,618.56,2025-07-01 15:48:49,0.18983200191774244,False,,,,2.0,True,617.27
2025-07-01 15:58:51,617.65,high,False,,,,False,,,,,False,
2025-07-02 09:42:50,617.27,low,True,618.36,2025-07-02 10:26:49,0.1765839907981972,True,618.805,2025-07-02 10:48:51,0.2486756200690084,0.0,False,617.27
2025-07-03 13:54:21,625.34,high,False,,,,False,,,,,False,
2025-07-07 09:46:51,623.145,low,False,,,,False,,,,,False,
2025-07-07 10:38:51,622.6699,low,False,,,,False,,,,,False,
2025-07-07 10:54:56,622.28,low,False,,,,False,,,,,False,
2025-07-07 11:14:58,621.935,low,False,,,,False,,,,,False,
2025-07-07 12:24:56,620.23,medium,False,,,,False,,,,,False,
2025-07-07 12:56:50,619.79,low,False,,,,False,,,,,False,
2025-07-07 13:42:53,619.925,low,False,,,,False,,,,,False,
2025-07-07 14:16:52,619.59,low,False,,,,False,,,,,False,
2025-07-07 14:20:51,618.14,low,False,,,,False,,,,,False,
2025-07-07 15:12:51,619.8399,high,False,,,,False,,,,,False,
2025-07-07 15:44:54,619.67,high,False,,,,False,,,,,False,
2025-07-08 09:58:50,621.06,low,False,,,,False,,,,,False,
2025-07-08 10:00:49,620.83,low,False,,,,False,,,,,False,
2025-07-08 11:24:54,619.94,low,True,620.82,2025-07-08 12:16:50,0.14194922089234369,True,621.6,2025-07-08 12:24:56,0.26776784850146274,0.0,False,619.94
2025-07-08 13:02:50,620.58,high,True,620.91,2025-07-08 14:22:50,0.05317606110411667,False,,,,1.0,True,620.55
2025-07-08 14:32:51,620.55,medium,False,,,,False,,,,,False,
2025-07-08 15:12:50,620.32,medium,True,624.4,2025-07-09 09:46:33,0.6577250451379815,True,624.055,2025-07-09 10:18:33,0.6021085891152791,0.0,False,620.32
2025-07-09 10:24:33,623.95,high,False,,,,False,,,,,False,
2025-07-09 10:30:39,622.88,low,False,,,,False,,,,,False,
2025-07-09 10:52:35,621.44,low,False,,,,False,,,,,False,
2025-07-09 12:18:33,622.12,high,False,,,,False,,,,,False,
2025-07-09 13:06:34,622.168,high,False,,,,False,,,,,False,
2025-07-09 13:54:34,622.43,high,True,624.135,2025-07-09 15:55:34,0.2739263852963451,True,623.615,2025-07-10 09:57:08,0.19038285429687823,1.0,False,623.74
2025-07-10 09:43:07,623.74,low,False,,,,False,,,,,False,
2025-07-11 11:16:50,623.04,medium,False,,,,False,,,,,False,
2025-07-11 11:44:02,624.4097,medium,False,,,,False,,,,,False,
2025-07-11 15:04:50,623.865,high,False,,,,False,,,,,False,
2025-07-11 15:52:50,623.94,high,False,,,,False,,,,,False,
2025-07-14 09:44:41,621.94,low,True,623.63,2025-07-14 11:02:38,0.27173039199921867,True,623.52,2025-07-14 11:22:39,0.2540437984371366,0.0,False,621.94
2025-07-14 15:24:43,624.61,high,False,,,,False,,,,,False,
2025-07-15 09:52:50,626.36,low,False,,,,False,,,,,False,
2025-07-15 10:36:50,625.19,low,False,,,,False,,,,,False,
2025-07-15 11:54:55,624.87,high,False,,,,False,,,,,False,
2025-07-15 12:34:56,624.23,low,False,,,,False,,,,,False,
2025-07-15 12:58:52,623.25,low,False,,,,False,,,,,False,
2025-07-15 14:38:51,624.58,medium,False,,,,False,,,,,False,
2025-07-15 14:54:57,623.98,low,False,,,,False,,,,,False,
2025-07-15 15:42:50,623.76,low,False,,,,False,,,,,False,
2025-07-15 15:52:52,623.155,low,False,,,,False,,,,,False,
2025-07-15 15:58:52,622.65,low,False,,,,False,,,,,False,
2025-07-16 09:40:16,623.24,low,False,,,,False,,,,,False,
2025-07-16 10:55:18,622.275,low,False,,,,False,,,,,False,
2025-07-16 11:19:11,620.24,low,False,,,,False,,,,,False,
2025-07-16 11:43:12,620.455,high,False,,,,False,,,,,False,
2025-07-16 12:27:12,621.645,high,True,623.48,2025-07-16 13:10:16,0.2951845506679916,True,623.4,2025-07-16 13:25:21,0.28231546943995295,0.0,False,621.645
2025-07-17 10:20:21,625.42,high,True,625.68,2025-07-17 10:36:16,0.04157206357327731,True,626.39,2025-07-17 11:08:18,0.1550957756387751,0.0,False,625.42
2025-07-18 09:53:04,628.75,low,True,628.9649,2025-07-18 10:01:05,0.03417892644134286,False,,,,1.0,True,627.32
2025-07-18 10:41:04,627.32,low,False,,,,False,,,,,False,
2025-07-18 11:02:08,627.16,low,False,,,,False,,,,,False,
2025-07-18 12:23:05,627.33,low,False,,,,False,,,,,False,
2025-07-18 12:59:10,626.68,low,False,,,,False,,,,,False,
2025-07-18 13:29:12,626.94,low,False,,,,False,,,,,False,
2025-07-18 14:11:05,627.0,low,False,,,,False,,,,,False,
2025-07-18 15:07:05,627.095,low,False,,,,False,,,,,False,
2025-07-18 15:45:06,627.0653,low,True,630.68,2025-07-21 10:12:52,0.5764471419483698,True,631.055,2025-07-21 11:10:50,0.636249526165771,0.0,False,627.0653
2025-07-21 12:26:51,630.75,high,True,631.215,2025-07-21 13:42:51,0.07372175980975534,True,631.31,2025-07-21 13:56:51,0.0887831946095831,0.0,False,630.75
2025-07-21 14:45:50,630.85,high,False,,,,False,,,,,False,
2025-07-21 14:50:01,630.4899,high,False,,,,False,,,,,False,
2025-07-21 15:15:51,629.69,low,False,,,,False,,,,,False,
2025-07-21 15:45:53,628.735,low,False,,,,False,,,,,False,
2025-07-22 09:42:54,629.015,low,False,,,,False,,,,,False,
2025-07-22 09:50:54,627.99,low,False,,,,False,,,,,False,
2025-07-22 09:55:00,627.14,low,False,,,,False,,,,,False,
2025-07-22 12:14:59,627.7,medium,False,,,,False,,,,,False,
2025-07-22 12:30:57,627.3999,medium,True,628.49,2025-07-22 13:21:06,0.17374883228384427,True,629.09,2025-07-22 13:30:55,0.26938161768913726,0.0,False,627.3999
2025-07-22 14:18:56,628.2,high,True,629.085,2025-07-22 14:48:54,0.14087870105061936,True,629.11,2025-07-22 15:20:55,0.1448583253740796,0.0,False,628.2
2025-07-23 09:46:48,630.2299,low,False,,,,False,,,,,False,
2025-07-23 10:23:48,630.395,low,True,630.705,2025-07-23 11:11:49,0.04917551693780235,True,631.03,2025-07-23 11:53:49,0.10073049437257448,0.0,False,630.395
2025-07-24 09:42:51,634.34,low,True,635.08,2025-07-24 10:02:53,0.11665668253618078,True,635.525,2025-07-24 11:29:56,0.18680833622346776,1.0,False,634.38
2025-07-24 10:16:52,634.38,low,True,635.525,2025-07-24 11:29:56,0.18049118824678928,True,635.55,2025-07-24 11:50:00,0.18443204388536194,1.0,False,635.46
2025-07-24 11:31:51,635.46,high,True,635.55,2025-07-24 11:50:00,0.01416296855819692,False,,,,1.0,True,635.255
2025-07-24 12:03:58,635.255,high,False,,,,False,,,,,False,
2025-07-24 12:37:53,634.49,low,False,,,,False,,,,,False,
2025-07-24 13:01:55,634.885,low,True,635.38,2025-07-24 13:29:54,0.0779668758909101,True,635.695,2025-07-24 14:03:53,0.1275821605487701,0.0,False,634.885
2025-07-24 14:47:53,635.07,medium,False,,,,False,,,,,False,
2025-07-24 15:23:53,635.67,medium,False,,,,False,,,,,False,
2025-07-24 15:43:54,634.96,medium,False,,,,False,,,,,False,
2025-07-25 09:45:13,635.275,low,True,635.44,2025-07-25 09:55:14,0.025973003817256667,True,635.775,2025-07-25 11:00:19,0.07870607217346819,0.0,False,635.275
2025-07-25 15:54:17,636.92,high,False,,,,False,,,,,False,
2025-07-28 09:54:53,637.285,low,True,637.66,2025-07-28 10:04:57,0.058843374628306015,False,,,,2.0,True,636.365
2025-07-28 10:54:55,637.34,low,False,,,,False,,,,,False,
2025-07-28 11:20:50,636.365,low,False,,,,False,,,,,False,
2025-07-28 11:48:50,637.32,low,False,,,,False,,,,,False,
2025-07-28 12:12:50,637.195,low,True,637.545,2025-07-28 12:20:49,0.054928240177639344,False,,,,1.0,True,636.5
2025-07-28 13:46:50,636.6951,low,False,,,,False,,,,,False,
2025-07-28 13:48:50,636.675,low,False,,,,False,,,,,False,
2025-07-28 14:00:53,636.11,low,False,,,,False,,,,,False,
2025-07-28 14:06:50,635.74,low,False,,,,False,,,,,False,
2025-07-28 14:46:49,635.985,low,False,,,,False,,,,,False,
2025-07-28 15:08:50,635.87,low,False,,,,False,,,,,False,
2025-07-28 15:24:54,636.005,medium,False,,,,False,,,,,False,
2025-07-28 15:36:50,635.96,low,False,,,,False,,,,,False,
2025-07-29 09:46:28,638.12,low,False,,,,False,,,,,False,
2025-07-29 09:50:33,637.37,low,False,,,,False,,,,,False,
2025-07-29 10:44:29,637.2,low,False,,,,False,,,,,False,
2025-07-29 10:54:31,636.73,low,False,,,,False,,,,,False,
2025-07-29 11:20:36,636.265,low,False,,,,False,,,,,False,
2025-07-29 11:36:29,635.48,low,False,,,,False,,,,,False,
2025-07-29 12:40:40,635.32,low,False,,,,False,,,,,False,
2025-07-29 13:40:35,635.65,low,False,,,,False,,,,,False,
2025-07-29 15:04:31,635.4017,low,False,,,,False,,,,,False,
2025-07-29 15:24:29,635.285,low,False,,,,False,,,,,False,
2025-07-29 15:37:29,634.66,low,False,,,,False,,,,,False,
2025-07-30 09:41:03,635.76,low,False,,,,False,,,,,False,
2025-07-30 12:13:03,636.26,low,False,,,,False,,,,,False,
2025-07-30 12:35:10,636.505,low,False,,,,False,,,,,False,
2025-07-30 12:51:06,636.505,low,True,636.52,2025-07-30 12:53:06,0.0023566193509848873,False,,,,1.0,True,636.28
2025-07-30 15:03:06,632.38,high,False,,,,False,,,,,False,
2025-07-30 15:51:04,633.305,low,False,,,,False,,,,,False,
2025-07-31 09:40:47,638.09,low,True,639.63,2025-07-31 09:56:46,0.24134526477455587,True,639.36,2025-07-31 10:16:46,0.19903148458681091,0.0,False,638.09
2025-07-31 10:26:46,638.58,high,False,,,,False,,,,,False,
2025-07-31 10:46:46,637.86,low,False,,,,False,,,,,False,
2025-07-31 11:00:47,636.885,medium,False,,,,False,,,,,False,
2025-07-31 13:14:49,637.065,medium,False,,,,False,,,,,False,
2025-07-31 13:22:46,636.11,low,False,,,,False,,,,,False,
2025-07-31 13:52:49,633.735,low,False,,,,False,,,,,False,
2025-07-31 15:25:03,633.06,low,False,,,,False,,,,,False,
2025-07-31 15:51:46,631.33,low,False,,,,False,,,,,False,
2025-08-01 09:44:26,622.282,low,False,,,,False,,,,,False,
2025-08-01 10:04:27,621.03,medium,False,,,,False,,,,,False,
2025-08-01 11:02:27,622.09,medium,False,,,,False,,,,,False,
2025-08-01 11:28:26,621.41,medium,False,,,,False,,,,,False,
2025-08-01 12:54:26,622.34,medium,False,,,,False,,,,,False,
2025-08-01 13:28:27,620.51,low,False,,,,False,,,,,False,
2025-08-01 14:10:31,619.895,low,False,,,,False,,,,,False,
2025-08-01 15:16:26,621.7,high,True,628.25,2025-08-04 09:50:50,1.0535628116454807,True,629.23,2025-08-04 10:40:50,1.2111951101817553,0.0,False,621.7
2025-08-04 10:46:52,628.87,high,True,629.225,2025-08-04 11:28:50,0.05645045875936493,True,630.0206,2025-08-04 12:00:51,0.18296309253103826,0.0,False,628.87
2025-08-05 10:26:51,629.36,low,False,,,,False,,,,,False,
2025-08-05 10:45:06,627.56,low,False,,,,False,,,,,False,
2025-08-05 11:30:50,627.92,low,False,,,,False,,,,,False,
2025-08-05 12:46:51,627.885,low,False,,,,False,,,,,False,
2025-08-05 14:16:50,629.145,medium,False,,,,False,,,,,False,
2025-08-05 15:48:52,628.31,low,False,,,,False,,,,,False,
2025-08-06 09:50:50,628.75,low,True,630.89,2025-08-06 10:56:50,0.3403578528827016,True,631.58,2025-08-06 11:22:52,0.45009940357853534,0.0,False,628.75
2025-08-07 09:44:44,636.2,low,False,,,,False,,,,,False,
2025-08-07 10:14:47,634.685,low,False,,,,False,,,,,False,
2025-08-07 12:00:44,631.795,low,False,,,,False,,,,,False,
2025-08-07 12:40:44,631.4,low,False,,,,False,,,,,False,
2025-08-07 12:44:49,630.5607,low,False,,,,False,,,,,False,
2025-08-07 13:24:47,630.94,low,False,,,,False,,,,,False,
2025-08-07 14:12:42,630.01,low,True,636.16,2025-08-08 10:18:50,0.9761749813494989,True,636.67,2025-08-08 12:02:51,1.0571260773638462,1.0,False,634.93
2025-08-08 11:40:53,634.93,medium,True,636.67,2025-08-08 12:02:51,0.2740459578221236,True,637.09,2025-08-08 12:18:51,0.3401949821240266,1.0,False,636.67
2025-08-08 12:02:52,636.67,high,True,637.09,2025-08-08 12:18:51,0.06596824100398523,False,,,,1.0,True,636.455
2025-08-08 15:36:52,636.83,high,False,,,,False,,,,,False,
2025-08-11 09:50:52,637.35,high,False,,,,False,,,,,False,
2025-08-11 10:44:56,637.265,low,False,,,,False,,,,,False,
2025-08-11 11:20:54,637.2799,low,False,,,,False,,,,,False,
2025-08-11 11:28:52,637.1,low,True,637.605,2025-08-11 11:52:52,0.07926542144090337,True,638.5907,2025-08-11 12:08:52,0.23398210641970602,0.0,False,637.1
2025-08-11 12:42:52,637.67,medium,False,,,,False,,,,,False,
2025-08-11 13:12:53,637.26,high,False,,,,False,,,,,False,
2025-08-11 13:38:54,636.65,high,False,,,,False,,,,,False,
2025-08-11 13:42:55,636.6,low,False,,,,False,,,,,False,
2025-08-11 14:14:55,636.58,low,False,,,,False,,,,,False,
2025-08-11 14:46:53,636.125,low,False,,,,False,,,,,False,
2025-08-11 15:16:55,636.2,low,False,,,,False,,,,,False,
2025-08-11 15:32:54,636.17,low,False,,,,False,,,,,False,
2025-08-11 15:52:52,634.8599,low,False,,,,False,,,,,False,
2025-08-12 09:50:50,637.08,low,True,640.1308,2025-08-12 10:52:50,0.47887235512023313,True,640.765,2025-08-12 11:22:50,0.5784202925849101,0.0,False,637.08
2025-08-13 10:00:57,645.32,low,False,,,,False,,,,,False,
2025-08-13 10:34:56,644.05,low,False,,,,False,,,,,False,
2025-08-13 11:07:01,643.46,low,False,,,,False,,,,,False,
2025-08-13 11:58:56,643.46,low,False,,,,False,,,,,False,
2025-08-13 12:28:56,643.48,low,False,,,,False,,,,,False,
2025-08-13 12:52:56,642.9401,low,False,,,,False,,,,,False,
2025-08-13 13:34:56,642.79,low,False,,,,False,,,,,False,
2025-08-13 13:50:57,643.135,low,False,,,,False,,,,,False,
2025-08-13 14:38:57,643.69,medium,True,644.0,2025-08-14 10:01:01,0.048159828488860384,False,,,,2.0,True,643.185
2025-08-14 11:13:08,644.19,high,False,,,,False,,,,,False,
2025-08-14 11:27:10,643.185,medium,True,644.755,2025-08-14 13:35:08,0.2440977323787169,True,645.41,2025-08-14 15:19:02,0.34593468442205944,1.0,False,644.1499
2025-08-14 14:17:02,644.1499,high,True,645.41,2025-08-14 15:19:02,0.1956221680698803,True,645.535,2025-08-14 15:57:02,0.21502758907514632,0.0,False,644.1499
2025-08-15 09:58:50,643.95,low,False,,,,False,,,,,False,
2025-08-15 10:56:50,643.7899,low,False,,,,False,,,,,False,
2025-08-15 11:28:51,643.53,low,False,,,,False,,,,,False,
2025-08-15 11:44:54,642.63,low,False,,,,False,,,,,False,
2025-08-15 12:06:50,643.42,low,False,,,,False,,,,,False,
2025-08-15 12:32:50,643.36,low,False,,,,False,,,,,False,
2025-08-15 14:58:50,644.22,medium,False,,,,False,,,,,False,
2025-08-15 15:04:56,643.65,medium,False,,,,False,,,,,False,
2025-08-15 15:50:50,643.55,medium,False,,,,False,,,,,False,
2025-08-15 15:52:52,643.44,low,False,,,,False,,,,,False,
2025-08-18 09:45:30,643.54,low,True,643.78,2025-08-18 10:27:23,0.037293719116140274,False,,,,1.0,True,643.05
2025-08-18 10:31:26,643.05,low,False,,,,False,,,,,False,
2025-08-18 11:09:22,643.3,low,False,,,,False,,,,,False,
2025-08-18 11:49:23,642.98,low,False,,,,False,,,,,False,
2025-08-18 12:11:23,643.135,low,False,,,,False,,,,,False,
2025-08-18 12:37:23,642.59,low,True,643.76,2025-08-18 13:31:24,0.18207566255309904,True,643.435,2025-08-18 14:53:24,0.13149908962167378,1.0,False,642.62
2025-08-18 14:21:23,642.62,low,True,643.435,2025-08-18 14:53:24,0.12682456194950997,True,643.575,2025-08-18 15:37:24,0.1486103762721423,0.0,False,642.62
2025-08-19 10:46:07,642.11,low,False,,,,False,,,,,False,
2025-08-19 11:22:07,641.21,high,False,,,,False,,,,,False,
2025-08-19 11:54:06,640.86,high,False,,,,False,,,,,False,
2025-08-19 12:10:13,640.46,low,False,,,,False,,,,,False,
2025-08-19 12:42:07,639.85,low,False,,,,False,,,,,False,
2025-08-19 13:56:08,639.8542,high,False,,,,False,,,,,False,
2025-08-19 14:05:15,639.205,high,False,,,,False,,,,,False,
2025-08-19 14:45:14,638.91,low,False,,,,False,,,,,False,
2025-08-19 15:04:08,638.84,low,False,,,,False,,,,,False,
2025-08-19 15:52:07,639.07,low,False,,,,False,,,,,False,
2025-08-20 09:48:45,637.67,low,False,,,,False,,,,,False,
2025-08-20 10:42:45,633.76,low,False,,,,False,,,,,False,
2025-08-20 14:04:52,636.17,high,False,,,,False,,,,,False,
2025-08-20 15:13:46,638.12,high,True,638.47,2025-08-20 15:55:46,0.054848617814834626,False,,,,1.0,True,634.9399
2025-08-21 09:45:16,634.9399,low,False,,,,False,,,,,False,
2025-08-21 09:47:12,635.54,low,True,636.675,2025-08-21 10:03:12,0.17858828712590727,False,,,,4.0,True,635.18
2025-08-21 10:40:22,636.33,high,False,,,,False,,,,,False,
2025-08-21 11:55:17,635.605,medium,False,,,,False,,,,,False,
2025-08-21 12:13:12,635.66,low,False,,,,False,,,,,False,
2025-08-21 12:37:15,635.18,low,False,,,,False,,,,,False,
2025-08-21 13:00:17,634.99,low,False,,,,False,,,,,False,
2025-08-21 13:19:12,634.37,low,False,,,,False,,,,,False,
2025-08-21 14:13:12,635.89,high,False,,,,False,,,,,False,
2025-08-21 14:33:13,635.57,medium,False,,,,False,,,,,False,
2025-08-21 15:33:11,635.77,medium,False,,,,False,,,,,False,
2025-08-21 15:43:15,635.37,medium,True,639.41,2025-08-22 09:44:54,0.635849977178646,True,646.18,2025-08-22 11:04:56,1.7013708547775226,0.0,False,635.37
2025-08-22 12:58:50,644.4399,high,True,645.35,2025-08-22 13:10:52,0.14122340966163902,True,646.1001,2025-08-22 13:52:50,0.25761905803784524,0.0,False,644.4399
2025-08-22 15:40:50,644.425,high,False,,,,False,,,,,False,
2025-08-25 09:40:20,643.99,low,True,644.23,2025-08-25 10:02:15,0.03726765943570694,False,,,,1.0,True,643.85
2025-08-25 10:20:20,643.85,low,True,644.53,2025-08-25 11:08:16,0.10561466180010096,True,645.025,2025-08-25 11:26:16,0.18249592296341607,0.0,False,643.85
2025-08-25 13:06:16,644.71,high,False,,,,False,,,,,False,
2025-08-25 13:40:34,644.0907,medium,False,,,,False,,,,,False,
2025-08-25 14:24:14,644.22,high,False,,,,False,,,,,False,
2025-08-25 15:00:22,643.935,low,False,,,,False,,,,,False,
2025-08-25 15:18:17,643.6642,low,False,,,,False,,,,,False,
2025-08-25 15:44:16,643.579,low,False,,,,False,,,,,False,
2025-08-25 15:58:16,642.92,low,False,,,,False,,,,,False,
2025-08-26 09:50:50,642.15,low,True,643.18,2025-08-26 10:24:54,0.16039866074904194,True,642.68,2025-08-26 11:44:57,0.08253523320096126,1.0,False,642.555
2025-08-26 11:08:50,642.555,high,True,642.68,2025-08-26 11:44:57,0.019453587630630844,True,643.355,2025-08-26 12:16:49,0.124502960836048,0.0,False,642.555
2025-08-26 13:56:49,642.76,medium,True,643.915,2025-08-26 15:16:50,0.17969382039952278,True,644.61,2025-08-26 15:22:51,0.28782127076980873,0.0,False,642.76
2025-08-27 09:50:48,644.98,low,True,646.22,2025-08-27 10:24:53,0.19225402338057135,True,646.15,2025-08-27 10:40:49,0.18140097367359592,0.0,False,644.98
2025-08-27 12:22:47,645.99,high,True,646.59,2025-08-27 13:32:47,0.09288069474760023,True,646.64,2025-08-27 13:56:48,0.10062075264322624,0.0,False,645.99
2025-08-28 09:56:24,645.395,low,True,647.37,2025-08-28 11:18:27,0.30601414637547897,True,647.69,2025-08-28 12:16:25,0.3555961852818929,1.0,False,646.65
2025-08-28 11:32:24,646.65,high,True,647.69,2025-08-28 12:16:25,0.16082888734246925,True,647.935,2025-08-28 12:36:24,0.19871646176447352,0.0,False,646.65
2025-08-28 13:03:25,647.7,high,True,648.23,2025-08-28 13:30:29,0.08182800679326427,True,648.405,2025-08-28 13:46:25,0.10884668828160063,0.0,False,647.7
2025-08-29 10:20:47,644.51,medium,False,,,,False,,,,,False,
2025-08-29 10:46:36,644.17,low,False,,,,False,,,,,False,
2025-08-29 11:42:37,644.26,medium,False,,,,False,,,,,False,
2025-08-29 13:02:38,644.37,low,False,,,,False,,,,,False,
2025-08-29 14:06:36,644.44,medium,False,,,,False,,,,,False,
2025-08-29 14:50:47,644.36,high,False,,,,False,,,,,False,
2025-08-29 15:30:45,644.745,high,False,,,,False,,,,,False,
2025-08-29 15:52:36,644.295,low,False,,,,False,,,,,False,
2025-09-02 11:01:01,637.58,high,False,,,,False,,,,,False,
2025-09-02 11:36:58,635.52,low,False,,,,False,,,,,False,
2025-09-02 14:09:09,638.1,high,False,,,,False,,,,,False,
2025-09-02 14:40:58,637.635,high,True,639.22,2025-09-02 15:30:58,0.24857481160852785,True,639.93,2025-09-02 15:53:15,0.3599237808464026,0.0,False,637.635
2025-09-03 09:47:33,642.57,low,True,642.64,2025-09-03 10:27:35,0.010893754766007801,True,644.05,2025-09-03 10:58:37,0.2303251007672167,0.0,False,642.57
2025-09-03 11:24:45,643.355,high,False,,,,False,,,,,False,
2025-09-03 11:48:36,642.43,high,False,,,,False,,,,,False,
2025-09-03 13:36:37,642.07,low,False,,,,False,,,,,False,
2025-09-03 13:46:36,640.97,low,False,,,,False,,,,,False,
2025-09-03 15:20:52,640.8701,low,False,,,,False,,,,,False,
2025-09-04 09:41:07,644.7687,low,False,,,,False,,,,,False,
2025-09-04 10:06:48,644.0191,low,True,645.69,2025-09-04 10:38:51,0.25944882690592164,True,645.82,2025-09-04 11:09:12,0.27963456363329436,0.0,False,644.0191
2025-09-05 09:40:39,651.5709,low,False,,,,False,,,,,False,
2025-09-05 11:02:23,643.76,low,False,,,,False,,,,,False,
2025-09-05 13:05:26,645.45,medium,False,,,,False,,,,,False,
2025-09-05 13:41:24,645.32,low,False,,,,False,,,,,False,
2025-09-05 15:52:23,646.34,medium,False,,,,False,,,,,False,
2025-09-08 09:40:44,648.49,low,False,,,,False,,,,,False,
2025-09-08 12:22:26,648.49,medium,False,,,,False,,,,,False,
2025-09-08 12:39:28,648.15,low,False,,,,False,,,,,False,
2025-09-08 13:37:26,648.34,medium,False,,,,False,,,,,False,
2025-09-08 13:40:29,648.2199,low,False,,,,False,,,,,False,
2025-09-08 13:54:26,647.72,low,False,,,,False,,,,,False,
2025-09-08 15:12:26,647.48,low,False,,,,False,,,,,False,
2025-09-09 09:42:53,649.07,low,False,,,,False,,,,,False,
2025-09-09 10:02:55,648.76,low,False,,,,False,,,,,False,
2025-09-09 10:34:52,647.62,low,False,,,,False,,,,,False,
2025-09-09 11:43:10,648.14,medium,True,649.245,2025-09-09 13:01:21,0.17048785756164073,True,649.5693,2025-09-09 13:13:26,0.22052334372203725,0.0,False,648.14
2025-09-10 10:37:35,653.55,low,False,,,,False,,,,,False,
2025-09-10 11:31:35,652.58,low,False,,,,False,,,,,False,
2025-09-10 12:24:35,652.88,low,False,,,,False,,,,,False,
2025-09-10 12:38:34,652.655,low,False,,,,False,,,,,False,
2025-09-10 13:20:36,652.865,low,False,,,,False,,,,,False,
2025-09-10 13:47:02,652.26,low,False,,,,False,,,,,False,
2025-09-10 13:54:35,652.17,low,False,,,,False,,,,,False,
2025-09-10 14:23:34,651.67,high,False,,,,False,,,,,False,
2025-09-10 14:44:38,651.835,low,False,,,,False,,,,,False,
2025-09-10 14:59:34,651.995,medium,False,,,,False,,,,,False,
2025-09-10 15:15:37,651.2,high,False,,,,False,,,,,False,
2025-09-11 09:40:50,654.13,low,True,655.73,2025-09-11 10:22:31,0.24459969730787806,True,656.62,2025-09-11 10:35:32,0.38065827893538123,0.0,False,654.13
2025-09-11 11:47:31,656.8199,high,True,657.625,2025-09-11 12:26:31,0.1225754578995001,True,657.445,2025-09-11 13:12:52,0.09517068529745956,0.0,False,656.8199
2025-09-12 10:00:58,657.7983,low,True,657.995,2025-09-12 10:06:57,0.029902783269577366,True,658.28,2025-09-12 10:57:57,0.07322913421940015,0.0,False,657.7983
2025-09-12 11:31:58,657.695,low,False,,,,False,,,,,False,
2025-09-12 12:18:57,657.91,low,False,,,,False,,,,,False,
2025-09-12 12:40:57,657.78,low,True,657.99,2025-09-12 12:50:56,0.03192556781903317,True,658.17,2025-09-12 13:22:57,0.05929034023533497,0.0,False,657.78
2025-09-12 15:44:56,657.75,low,True,660.355,2025-09-15 09:52:34,0.3960471303686839,True,660.715,2025-09-15 10:33:34,0.4507791714177168,1.0,False,660.125
2025-09-15 10:21:34,660.125,low,True,660.715,2025-09-15 10:33:34,0.08937701192956363,True,660.825,2025-09-15 12:17:35,0.106040522628297,1.0,False,660.43
2025-09-15 11:22:35,660.43,high,True,660.825,2025-09-15 12:17:35,0.05980951804129061,False,,,,1.0,True,660.35
2025-09-15 12:59:36,660.13,low,False,,,,False,,,,,False,
2025-09-15 13:30:35,659.785,medium,False,,,,False,,,,,False,
2025-09-15 14:17:34,660.08,low,False,,,,False,,,,,False,
2025-09-15 14:37:55,659.89,low,False,,,,False,,,,,False,
2025-09-15 14:45:34,659.51,low,False,,,,False,,,,,False,
2025-09-15 15:18:35,659.93,low,False,,,,False,,,,,False,
2025-09-15 15:52:36,660.04,low,False,,,,False,,,,,False,
2025-09-15 15:58:37,660.67,low,False,,,,False,,,,,False,
2025-09-16 09:55:49,660.23,low,False,,,,False,,,,,False,
2025-09-16 10:32:48,659.91,low,False,,,,False,,,,,False,
2025-09-16 10:58:52,659.93,low,False,,,,False,,,,,False,
2025-09-16 11:04:49,659.53,low,False,,,,False,,,,,False,
2025-09-16 11:35:48,659.5101,low,False,,,,False,,,,,False,
2025-09-16 12:36:49,659.57,low,False,,,,False,,,,,False,
2025-09-16 13:54:49,660.165,medium,False,,,,False,,,,,False,
2025-09-16 15:28:18,660.175,medium,False,,,,False,,,,,False,
2025-09-16 15:59:51,659.93,low,False,,,,False,,,,,False,
2025-09-17 09:43:04,659.81,low,True,660.1263,2025-09-17 09:47:25,0.04793804276989881,True,660.17,2025-09-17 09:49:04,0.054561161546507884,0.0,False,659.81
2025-09-17 10:31:04,659.22,low,False,,,,False,,,,,False,
2025-09-17 10:46:23,659.2079,low,False,,,,False,,,,,False,
2025-09-17 10:51:06,659.17,low,False,,,,False,,,,,False,
2025-09-17 11:13:26,659.52,low,False,,,,False,,,,,False,
2025-09-17 11:51:05,658.95,low,False,,,,False,,,,,False,
2025-09-17 12:11:05,658.96,low,False,,,,False,,,,,False,
2025-09-17 12:42:32,658.47,medium,True,660.91,2025-09-17 14:02:05,0.3705559858459673,False,,,,1.0,True,656.51
2025-09-17 14:47:05,656.51,low,False,,,,False,,,,,False,
2025-09-17 15:53:06,659.075,high,True,663.62,2025-09-18 10:14:57,0.6896028524826399,True,662.25,2025-09-19 12:15:52,0.48173576603572493,9.0,False,660.95
2025-09-18 10:54:38,662.88,high,False,,,,False,,,,,False,
2025-09-18 11:55:36,662.36,medium,False,,,,False,,,,,False,
2025-09-18 13:36:37,662.79,medium,False,,,,False,,,,,False,
2025-09-18 14:01:36,662.72,high,False,,,,False,,,,,False,
2025-09-18 14:44:37,662.445,medium,False,,,,False,,,,,False,
2025-09-18 15:24:37,662.835,high,False,,,,False,,,,,False,
2025-09-19 09:59:16,662.15,high,False,,,,False,,,,,False,
2025-09-19 11:25:51,660.95,low,False,,,,False,,,,,False,
2025-09-19 11:45:52,661.099,low,True,662.25,2025-09-19 12:15:52,0.17410402980490872,True,662.605,2025-09-19 13:02:52,0.22780249251624518,0.0,False,661.099
2025-09-22 09:47:11,662.825,low,True,664.08,2025-09-22 10:29:32,0.1893410779617539,True,665.03,2025-09-22 10:57:52,0.3326669935503228,0.0,False,662.825
2025-09-23 09:44:21,666.8992,low,True,666.97,2025-09-23 09:46:21,0.010616297035605468,False,,,,1.0,True,666.61
2025-09-23 10:30:33,666.61,low,False,,,,False,,,,,False,
2025-09-23 11:28:21,666.15,low,False,,,,False,,,,,False,
2025-09-23 11:42:22,665.6099,low,False,,,,False,,,,,False,
2025-09-23 12:18:22,665.295,low,False,,,,False,,,,,False,
2025-09-23 13:00:33,665.02,low,False,,,,False,,,,,False,
2025-09-23 13:22:22,664.71,low,False,,,,False,,,,,False,
2025-09-23 14:40:33,662.695,low,False,,,,False,,,,,False,
2025-09-24 09:52:43,662.77,low,True,663.63,2025-09-24 10:52:43,0.12975843807052426,False,,,,2.0,True,662.17
2025-09-24 11:04:46,662.82,low,False,,,,False,,,,,False,
2025-09-24 11:34:47,662.17,low,False,,,,False,,,,,False,
2025-09-24 11:48:47,661.46,low,False,,,,False,,,,,False,
2025-09-24 12:16:44,659.81,low,False,,,,False,,,,,False,
2025-09-24 12:52:50,660.61,medium,False,,,,False,,,,,False,
2025-09-24 13:48:44,660.47,low,False,,,,False,,,,,False,
2025-09-24 14:06:44,660.51,medium,False,,,,False,,,,,False,
2025-09-24 14:12:45,660.19,low,False,,,,False,,,,,False,
2025-09-24 15:11:00,660.85,medium,False,,,,False,,,,,False,
2025-09-25 09:42:49,655.38,low,True,658.5601,2025-09-25 10:32:50,0.48522994293387633,True,659.255,2025-09-25 11:45:05,0.5912600323476456,1.0,False,657.39
2025-09-25 11:08:50,657.39,high,True,659.255,2025-09-25 11:45:05,0.2836976528392597,True,659.08,2025-09-25 12:00:51,0.25707722965059626,0.0,False,657.39
2025-09-25 12:48:52,657.8956,high,False,,,,False,,,,,False,
2025-09-25 13:22:51,656.71,medium,False,,,,False,,,,,False,
2025-09-25 13:56:52,656.07,medium,False,,,,False,,,,,False,
2025-09-25 14:02:50,654.98,low,False,,,,False,,,,,False,
2025-09-25 15:26:50,657.305,high,True,661.6,2025-09-26 09:48:49,0.6534257308251228,True,661.311,2025-09-26 13:01:07,0.6094583184366597,3.0,False,658.13
2025-09-26 10:26:50,658.13,low,False,,,,False,,,,,False,
2025-09-26 10:50:50,658.18,medium,False,,,,False,,,,,False,
2025-09-26 12:00:51,658.595,low,True,661.311,2025-09-26 13:01:07,0.41239304883881717,True,661.51,2025-09-26 13:40:52,0.4426088871005646,0.0,False,658.595
2025-09-26 15:52:52,661.1961,high,True,664.465,2025-09-29 09:46:58,0.4943919058203808,True,664.81,2025-09-29 10:32:59,0.5465700720255222,1.0,False,664.2293
2025-09-29 10:05:18,664.2293,low,True,664.81,2025-09-29 10:32:59,0.0874246288141729,True,664.335,2025-09-29 10:56:57,0.015913179379480828,0.0,False,664.2293
2025-09-29 12:09:01,663.28,low,False,,,,False,,,,,False,
2025-09-29 13:31:15,662.36,medium,False,,,,False,,,,,False,
2025-09-29 13:54:59,663.04,low,False,,,,False,,,,,False,
2025-09-29 15:08:59,662.69,low,False,,,,False,,,,,False,
2025-09-30 09:41:00,662.61,low,False,,,,False,,,,,False,
2025-09-30 10:28:49,662.715,low,True,663.07,2025-09-30 10:32:48,0.053567521483596746,True,663.4,2025-09-30 11:08:48,0.10336268229932104,0.0,False,662.715
2025-09-30 11:22:48,662.48,medium,False,,,,False,,,,,False,
2025-09-30 11:40:57,662.02,low,False,,,,False,,,,,False,
2025-09-30 12:01:01,663.085,low,True,663.74,2025-09-30 12:22:49,0.09878069930702288,True,663.4,2025-09-30 12:41:03,0.04750522180413384,0.0,False,663.085
2025-09-30 13:12:48,662.31,low,False,,,,False,,,,,False,
2025-09-30 13:36:49,661.98,low,True,664.14,2025-09-30 14:41:15,0.3262938457355159,True,664.64,2025-09-30 15:14:48,0.4018248285446642,0.0,False,661.98
2025-10-01 09:50:49,663.605,low,True,666.4051,2025-10-01 11:28:49,0.4219528183181154,True,666.88,2025-10-01 11:38:49,0.49351647440871865,0.0,False,663.605
2025-10-02 10:26:15,668.6399,low,False,,,,False,,,,,False,
2025-10-02 10:45:29,668.15,low,False,,,,False,,,,,False,
2025-10-02 11:03:14,667.29,low,False,,,,False,,,,,False,
2025-10-02 11:30:29,667.61,low,False,,,,False,,,,,False,
2025-10-02 11:34:15,667.32,low,False,,,,False,,,,,False,
2025-10-02 15:37:26,669.0,high,True,671.1368,2025-10-03 09:40:51,0.31940209267563435,True,672.02,2025-10-03 10:38:59,0.45142002989536345,0.0,False,669.0
2025-10-03 13:02:54,671.4,high,False,,,,False,,,,,False,
2025-10-03 13:04:57,670.925,low,False,,,,False,,,,,False,
2025-10-03 13:46:52,669.61,low,False,,,,False,,,,,False,
2025-10-03 13:52:52,668.8,low,False,,,,False,,,,,False,
2025-10-03 15:52:53,669.53,medium,False,,,,False,,,,,False,
2025-10-06 09:50:53,670.405,low,True,670.515,2025-10-06 10:28:54,0.016407992183831214,True,671.57,2025-10-06 11:48:56,0.17377555358329327,0.0,False,670.405
2025-10-07 09:42:16,672.54,medium,False,,,,False,,,,,False,
2025-10-07 10:28:20,671.4,low,False,,,,False,,,,,False,
2025-10-07 10:54:18,671.0,low,False,,,,False,,,,,False,
2025-10-07 11:06:17,669.52,low,False,,,,False,,,,,False,
2025-10-07 11:40:22,668.49,low,False,,,,False,,,,,False,
2025-10-07 11:58:17,668.15,low,False,,,,False,,,,,False,
2025-10-07 12:16:17,668.0385,low,False,,,,False,,,,,False,
2025-10-07 12:56:18,668.46,low,False,,,,False,,,,,False,
2025-10-07 13:28:18,668.905,high,False,,,,False,,,,,False,
2025-10-07 14:02:17,668.04,low,False,,,,False,,,,,False,
2025-10-07 15:58:18,668.87,high,True,671.92,2025-10-08 10:36:40,0.45599294332231294,True,672.59,2025-10-08 11:26:40,0.5561618849701777,0.0,False,668.87
2025-10-08 14:46:40,672.4307,high,True,672.74,2025-10-08 15:16:40,0.04599730500109639,True,673.0901,2025-10-08 15:52:40,0.09806214975015344,0.0,False,672.4307
2025-10-09 09:48:51,672.86,low,False,,,,False,,,,,False,
2025-10-09 10:20:51,671.5,low,False,,,,False,,,,,False,
2025-10-09 10:32:51,670.79,low,False,,,,False,,,,,False,
2025-10-09 11:32:52,670.675,low,False,,,,False,,,,,False,
2025-10-09 12:24:58,670.95,low,False,,,,False,,,,,False,
2025-10-09 12:42:51,670.4588,low,False,,,,False,,,,,False,
2025-10-09 13:00:52,670.08,low,False,,,,False,,,,,False,
2025-10-09 13:16:51,669.65,low,False,,,,False,,,,,False,
2025-10-09 14:08:51,669.5099,high,False,,,,False,,,,,False,
2025-10-09 14:28:51,669.82,low,False,,,,False,,,,,False,
2025-10-10 09:50:18,672.77,high,False,,,,False,,,,,False,
2025-10-10 11:00:24,667.21,medium,False,,,,False,,,,,False,
2025-10-10 11:35:22,661.2,low,False,,,,False,,,,,False,
2025-10-10 12:20:19,660.9,medium,False,,,,False,,,,,False,
2025-10-10 13:13:15,658.08,medium,False,,,,False,,,,,False,
2025-10-10 14:43:15,658.3,low,False,,,,False,,,,,False,
2025-10-10 15:20:23,656.76,high,False,,,,False,,,,,False,
2025-10-10 15:57:17,653.395,low,True,662.7,2025-10-13 09:58:49,1.4241002762494455,True,662.72,2025-10-13 11:29:53,1.427161211824401,2.0,False,660.195
2025-10-13 10:21:49,661.46,high,False,,,,False,,,,,False,
2025-10-13 10:57:52,660.195,high,True,662.72,2025-10-13 11:29:53,0.38246275721566764,True,662.92,2025-10-13 12:01:50,0.4127568369951164,0.0,False,660.195
2025-10-13 13:20:50,663.12,high,False,,,,False,,,,,False,
2025-10-13 13:38:50,663.03,high,False,,,,False,,,,,False,
2025-10-13 14:44:54,663.05,high,False,,,,False,,,,,False,
2025-10-13 15:00:50,662.0417,high,True,663.36,2025-10-13 15:55:50,0.19912642964937435,False,,,,1.0,True,654.46
2025-10-14 09:42:49,654.46,low,True,660.017,2025-10-14 10:36:49,0.8490969654371568,True,659.4,2025-10-14 10:55:49,0.7548207682669591,0.0,False,654.46
2025-10-14 15:38:49,662.36,high,True,668.955,2025-10-15 10:04:56,0.995682106407396,False,,,,4.0,True,659.03
2025-10-15 10:56:53,668.75,high,False,,,,False,,,,,False,
2025-10-15 11:32:52,667.16,medium,False,,,,False,,,,,False,
2025-10-15 12:18:52,665.12,medium,False,,,,False,,,,,False,
2025-10-15 13:15:53,659.03,low,False,,,,False,,,,,False,
2025-10-15 15:07:54,664.9,high,False,,,,False,,,,,False,
2025-10-15 15:37:54,664.3,medium,False,,,,False,,,,,False,
2025-10-15 15:56:53,664.1,medium,False,,,,False,,,,,False,
2025-10-16 10:08:26,666.565,low,False,,,,False,,,,,False,
2025-10-16 11:25:32,666.7002,medium,False,,,,False,,,,,False,
2025-10-16 11:31:27,665.37,low,False,,,,False,,,,,False,
2025-10-16 12:11:27,664.58,low,False,,,,False,,,,,False,
2025-10-16 12:31:28,661.14,low,False,,,,False,,,,,False,
2025-10-16 13:07:27,662.41,high,False,,,,False,,,,,False,
2025-10-16 14:05:33,660.0,low,False,,,,False,,,,,False,
2025-10-16 14:16:35,658.25,low,False,,,,False,,,,,False,
2025-10-16 15:22:28,658.59,low,False,,,,False,,,,,False,
2025-10-17 09:44:55,658.65,low,False,,,,False,,,,,False,
2025-10-17 10:58:51,659.54,low,False,,,,False,,,,,False,
2025-10-17 11:28:49,659.07,medium,True,663.33,2025-10-17 12:25:00,0.6463653329691824,True,662.85,2025-10-17 13:54:59,0.5735354362965955,3.0,False,661.32
2025-10-17 12:44:58,662.34,high,False,,,,False,,,,,False,
2025-10-17 13:08:50,661.46,high,False,,,,False,,,,,False,
2025-10-17 13:22:50,661.32,medium,True,662.85,2025-10-17 13:54:59,0.2313554708764248,True,664.62,2025-10-17 14:24:56,0.4990019960079771,0.0,False,661.32
2025-10-20 11:16:49,670.52,high,True,670.92,2025-10-20 11:29:49,0.05965519298454591,True,670.8,2025-10-20 11:54:51,0.04175863508918044,0.0,False,670.52
2025-10-21 14:20:52,672.0,high,True,672.29,2025-10-21 15:53:51,0.04315476190475649,False,,,,1.0,True,671.47
2025-10-22 10:07:51,671.47,low,False,,,,False,,,,,False,
2025-10-22 10:15:52,670.85,low,False,,,,False,,,,,False,
2025-10-22 10:53:19,669.09,high,False,,,,False,,,,,False,
2025-10-22 11:28:51,668.24,low,False,,,,False,,,,,False,
2025-10-22 12:05:53,668.42,medium,False,,,,False,,,,,False,
2025-10-22 13:25:53,664.92,low,False,,,,False,,,,,False,
2025-10-22 13:44:53,663.62,low,False,,,,False,,,,,False,
2025-10-22 15:58:52,667.52,low,False,,,,False,,,,,False,
2025-10-23 11:23:26,669.765,high,True,670.29,2025-10-23 11:30:51,0.07838570244787012,False,,,,1.0,True,669.09
2025-10-23 11:45:51,669.09,medium,True,670.29,2025-10-23 12:00:51,0.17934806976638895,True,671.499,2025-10-23 13:06:50,0.36004125005604504,0.0,False,669.09
2025-10-23 13:09:51,670.78,high,True,672.05,2025-10-23 13:43:50,0.18933182265422074,True,672.24,2025-10-23 14:17:17,0.21765705596470322,0.0,False,670.78
2025-10-24 09:49:49,676.96,high,True,677.5,2025-10-24 10:19:50,0.07976837627037987,False,,,,1.0,True,676.84
2025-10-24 10:27:48,676.84,high,True,677.39,2025-10-24 10:49:49,0.08125997281483874,True,677.95,2025-10-24 11:20:50,0.16399739968087193,0.0,False,676.84
2025-10-24 12:43:51,677.33,high,True,678.07,2025-10-24 13:27:13,0.10925250616390962,True,678.21,2025-10-24 13:46:51,0.1299218992219443,0.0,False,677.33
2025-10-24 15:59:50,677.11,medium,False,,,,False,,,,,False,
2025-10-27 10:18:54,682.84,low,True,683.32,2025-10-27 10:44:54,0.07029465174858213,False,,,,1.0,True,682.595
2025-10-27 10:53:14,682.595,low,False,,,,False,,,,,False,
2025-10-27 11:13:55,682.9,low,False,,,,False,,,,,False,
2025-10-27 11:19:56,682.99,low,True,683.39,2025-10-27 11:49:53,0.05856601121538782,True,683.52,2025-10-27 12:22:17,0.07759996486038928,0.0,False,682.99
2025-10-28 09:56:51,685.89,high,False,,,,False,,,,,False,
2025-10-28 11:05:15,685.9,low,False,,,,False,,,,,False,
2025-10-28 11:20:52,685.73,low,False,,,,False,,,,,False,
2025-10-28 11:30:51,685.465,low,True,686.73,2025-10-28 12:44:52,0.18454625692048263,True,687.2,2025-10-28 13:18:52,0.25311285040082476,0.0,False,685.465
2025-10-29 10:20:50,688.78,low,False,,,,False,,,,,False,
2025-10-29 10:52:14,688.37,low,False,,,,False,,,,,False,
2025-10-29 11:10:24,688.185,low,False,,,,False,,,,,False,
2025-10-29 11:44:50,688.22,medium,False,,,,False,,,,,False,
2025-10-29 12:04:11,687.62,low,False,,,,False,,,,,False,
2025-10-29 13:40:29,687.98,low,False,,,,False,,,,,False,
2025-10-29 14:36:50,685.6201,low,False,,,,False,,,,,False,
2025-10-30 10:18:54,684.33,high,True,684.97,2025-10-30 11:25:56,0.09352213113556125,True,685.04,2025-10-30 12:16:18,0.1037511142285042,1.0,False,684.385
2025-10-30 11:34:20,684.385,high,True,685.04,2025-10-30 12:16:18,0.09570636410791772,False,,,,1.0,True,683.89
2025-10-30 12:36:56,683.89,high,False,,,,False,,,,,False,
2025-10-30 13:06:55,683.25,high,False,,,,False,,,,,False,
2025-10-30 15:18:54,681.64,low,False,,,,False,,,,,False,
2025-10-30 15:55:54,680.235,low,True,684.38,2025-10-31 11:17:51,0.6093482399464863,False,,,,3.0,True,680.0
2025-10-31 11:47:53,682.87,low,False,,,,False,,,,,False,
2025-10-31 13:00:51,680.39,low,False,,,,False,,,,,False,
2025-10-31 13:17:51,680.0,low,False,,,,False,,,,,False,
2025-10-31 15:55:51,682.905,high,False,,,,False,,,,,False,
2025-11-03 10:00:53,682.1,low,False,,,,False,,,,,False,
2025-11-03 10:33:53,680.39,low,False,,,,False,,,,,False,
2025-11-03 13:53:30,683.6299,high,False,,,,False,,,,,False,
2025-11-03 14:43:53,682.82,medium,False,,,,False,,,,,False,
2025-11-03 15:31:54,683.03,high,False,,,,False,,,,,False,
2025-11-03 15:50:54,682.61,high,False,,,,False,,,,,False,
2025-11-04 10:58:18,678.15,high,False,,,,False,,,,,False,
2025-11-04 12:19:51,676.0,medium,False,,,,False,,,,,False,
2025-11-04 13:22:28,675.775,medium,False,,,,False,,,,,False,
2025-11-04 14:32:51,675.59,low,False,,,,False,,,,,False,
2025-11-04 15:05:51,675.55,low,False,,,,False,,,,,False,
2025-11-04 15:55:53,674.775,low,True,677.0451,2025-11-05 10:00:51,0.33642325219518665,True,677.335,2025-11-05 10:30:53,0.37938572116632346,0.0,False,674.775
2025-11-05 15:32:52,679.59,high,False,,,,False,,,,,False,
2025-11-05 15:56:53,678.395,high,False,,,,False,,,,,False,
2025-11-06 10:15:51,673.27,low,False,,,,False,,,,,False,
2025-11-06 10:54:52,671.72,low,False,,,,False,,,,,False,
2025-11-06 11:25:52,670.45,low,False,,,,False,,,,,False,
2025-11-06 11:56:51,669.128,low,False,,,,False,,,,,False,
2025-11-06 13:06:52,669.3256,low,False,,,,False,,,,,False,
2025-11-06 15:33:52,672.15,medium,False,,,,False,,,,,False,
2025-11-06 15:47:19,670.55,low,False,,,,False,,,,,False,
2025-11-07 09:48:52,665.98,high,False,,,,False,,,,,False,
2025-11-07 10:41:52,664.57,medium,False,,,,False,,,,,False,
2025-11-07 11:06:50,663.22,low,False,,,,False,,,,,False,
2025-11-07 11:29:52,662.825,low,True,667.53,2025-11-07 14:32:51,0.7098404556255312,True,669.12,2025-11-07 14:42:53,0.9497227775053685,0.0,False,662.825
2025-11-10 09:56:55,678.45,low,True,678.86,2025-11-10 10:29:34,0.06043186675509885,False,,,,1.0,True,678.2544
2025-11-10 10:38:56,678.2544,low,False,,,,False,,,,,False,
2025-11-10 10:53:17,676.68,low,False,,,,False,,,,,False,
2025-11-10 11:30:57,675.98,low,True,678.61,2025-11-10 12:41:21,0.3890647652297399,True,679.68,2025-11-10 13:08:56,0.5473534719962028,0.0,False,675.98
2025-11-11 09:49:53,679.81,low,False,,,,False,,,,,False,
2025-11-11 10:31:52,679.57,low,False,,,,False,,,,,False,
2025-11-11 11:20:54,680.22,low,False,,,,False,,,,,False,
2025-11-11 11:40:23,679.3256,high,True,680.7,2025-11-11 12:06:53,0.20231829920733693,True,681.3599,2025-11-11 12:22:24,0.29945875733227634,0.0,False,679.3256
2025-11-12 09:45:51,684.24,low,False,,,,False,,,,,False,
2025-11-12 10:30:52,683.055,low,False,,,,False,,,,,False,
2025-11-12 11:09:52,681.845,low,False,,,,False,,,,,False,
2025-11-12 11:51:52,681.79,low,False,,,,False,,,,,False,
2025-11-12 14:08:52,683.43,high,False,,,,False,,,,,False,
2025-11-12 14:35:29,682.59,medium,False,,,,False,,,,,False,
2025-11-12 15:57:52,682.86,medium,False,,,,False,,,,,False,
2025-11-13 10:38:51,677.35,low,False,,,,False,,,,,False,
2025-11-13 11:06:51,675.4,low,False,,,,False,,,,,False,
2025-11-13 12:12:51,674.6,low,False,,,,False,,,,,False,
2025-11-13 12:44:53,675.12,medium,False,,,,False,,,,,False,
2025-11-13 12:48:52,674.8199,low,False,,,,False,,,,,False,
2025-11-13 13:14:54,674.48,high,False,,,,False,,,,,False,
2025-11-13 13:26:52,672.87,low,False,,,,False,,,,,False,
2025-11-13 14:04:18,672.11,low,False,,,,False,,,,,False,
2025-11-13 14:20:52,672.02,low,False,,,,False,,,,,False,
2025-11-13 14:58:17,671.92,low,False,,,,False,,,,,False,
2025-11-13 15:56:51,671.45,medium,False,,,,False,,,,,False,
2025-11-14 13:43:57,671.72,high,True,674.71,2025-11-14 14:46:35,0.44512594533436683,True,672.0642,2025-11-17 09:42:54,0.05124158875722038,0.0,False,671.72
2025-11-17 10:51:54,670.7414,medium,False,,,,False,,,,,False,
2025-11-17 11:09:55,669.235,low,False,,,,False,,,,,False,
2025-11-17 12:41:21,671.01,low,False,,,,False,,,,,False,
2025-11-17 12:59:19,669.22,low,False,,,,False,,,,,False,
2025-11-17 13:31:55,668.34,low,False,,,,False,,,,,False,
2025-11-17 13:57:55,667.135,low,False,,,,False,,,,,False,
2025-11-17 14:33:56,665.08,low,False,,,,False,,,,,False,
2025-11-17 14:41:38,663.955,low,False,,,,False,,,,,False,
2025-11-17 15:09:57,662.8998,low,False,,,,False,,,,,False,
2025-11-19 10:48:54,664.91,high,False,,,,False,,,,,False,
2025-11-19 11:25:57,661.47,low,False,,,,False,,,,,False,
2025-11-19 11:52:20,661.52,medium,False,,,,False,,,,,False,
2025-11-19 12:07:56,661.2,medium,False,,,,False,,,,,False,
2025-11-19 12:23:54,660.87,medium,False,,,,False,,,,,False,
2025-11-19 12:38:55,659.23,medium,False,,,,False,,,,,False,
2025-11-19 13:47:54,661.33,medium,False,,,,False,,,,,False,
2025-11-19 14:17:55,661.3509,medium,False,,,,False,,,,,False,
2025-11-19 14:28:24,659.74,low,False,,,,False,,,,,False,
2025-11-19 15:58:15,662.58,low,False,,,,False,,,,,False,
2025-11-20 09:46:49,673.75,low,True,675.03,2025-11-20 10:41:04,0.1899814471243002,False,,,,1.0,True,673.03
2025-11-20 10:56:08,673.03,low,False,,,,False,,,,,False,
2025-11-20 11:36:09,666.27,low,False,,,,False,,,,,False,
2025-11-20 12:27:49,658.67,medium,False,,,,False,,,,,False,
2025-11-20 13:48:02,655.695,low,False,,,,False,,,,,False,
2025-11-20 14:33:08,655.79,medium,False,,,,False,,,,,False,
2025-11-20 15:59:10,652.53,low,False,,,,False,,,,,False,
2025-11-21 09:48:54,655.27,low,True,655.6,2025-11-21 09:53:24,0.05036091992614356,False,,,,1.0,True,653.89
2025-11-21 10:03:54,653.89,low,False,,,,False,,,,,False,
2025-11-21 10:24:57,655.1,high,True,656.955,2025-11-21 11:39:55,0.28316287589681244,True,659.62,2025-11-21 12:02:56,0.6899709967943798,0.0,False,655.1
2025-11-21 13:20:54,657.75,high,True,664.3,2025-11-21 14:21:54,0.9958190801976365,True,663.58,2025-11-21 14:41:23,0.8863549980995882,0.0,False,657.75
2025-11-21 15:56:54,658.51,high,False,,,,False,,,,,False,
2025-11-24 09:53:24,663.38,high,True,665.405,2025-11-24 10:21:55,0.3052549066899782,True,665.92,2025-11-24 10:37:55,0.38288763604569986,0.0,False,663.38
2025-11-24 14:54:59,668.27,high,True,668.91,2025-11-24 15:10:30,0.09576967393418624,True,669.18,2025-11-24 15:46:17,0.1361725051251692,0.0,False,668.27
2025-11-26 09:41:39,678.64,low,False,,,,False,,,,,False,
2025-11-26 10:05:43,677.34,low,True,678.88,2025-11-26 10:35:46,0.22735996692945398,True,680.71,2025-11-26 11:32:16,0.49753447308589543,0.0,False,677.34
2025-11-26 13:35:46,680.2501,high,True,680.95,2025-11-26 14:37:15,0.10288862875581652,True,681.1325,2025-11-26 15:11:44,0.12971699673400638,0.0,False,680.2501
2025-11-28 09:44:59,681.27,low,False,,,,False,,,,,False,
2025-12-01 12:17:41,681.77,high,True,682.51,2025-12-01 12:47:21,0.10854100356425321,True,682.63,2025-12-01 13:14:57,0.1261422473854839,0.0,False,681.77
2025-12-01 15:53:25,680.075,medium,True,683.0499,2025-12-02 10:18:41,0.4374370473844699,True,682.69,2025-12-02 15:32:43,0.3845164136308509,3.0,False,680.8
2025-12-02 11:17:41,681.45,low,False,,,,False,,,,,False,
2025-12-02 13:01:28,680.8,low,False,,,,False,,,,,False,
2025-12-02 14:23:40,680.9682,medium,True,682.69,2025-12-02 15:32:43,0.25284587444759243,True,681.72,2025-12-03 10:32:21,0.1104016310893817,1.0,False,682.07
2025-12-02 15:52:04,682.07,high,False,,,,False,,,,,False,
2025-12-03 11:13:25,682.155,high,True,682.52,2025-12-03 11:30:07,0.05350690092427808,True,683.38,2025-12-03 11:34:49,0.17957795515682254,0.0,False,682.155
2025-12-03 15:55:22,683.88,high,False,,,,False,,,,,False,
2025-12-04 10:19:18,683.38,low,False,,,,False,,,,,False,
2025-12-04 10:26:16,682.54,low,False,,,,False,,,,,False,
2025-12-04 11:01:19,683.22,medium,True,684.29,2025-12-04 12:52:19,0.15661134041742578,True,684.725,2025-12-04 13:31:18,0.22028043675536366,1.0,False,683.72
2025-12-04 13:08:18,683.72,medium,True,684.725,2025-12-04 13:31:18,0.14698999590475567,False,,,,2.0,True,683.485
2025-12-04 13:50:18,684.15,high,False,,,,False,,,,,False,
2025-12-04 14:15:18,683.485,medium,False,,,,False,,,,,False,
2025-12-04 14:20:18,682.23,medium,False,,,,False,,,,,False,
2025-12-04 15:09:15,682.92,medium,False,,,,False,,,,,False,
2025-12-05 09:44:00,685.83,low,True,688.03,2025-12-05 10:15:00,0.32077920184301234,False,,,,3.0,True,685.46
2025-12-05 10:59:59,686.67,medium,False,,,,False,,,,,False,
2025-12-05 11:16:31,685.915,medium,False,,,,False,,,,,False,
2025-12-05 12:26:00,685.46,low,False,,,,False,,,,,False,
2025-12-05 12:37:59,685.0348,low,False,,,,False,,,,,False,
2025-12-05 14:06:00,686.12,medium,False,,,,False,,,,,False,
2025-12-05 15:43:59,685.85,medium,False,,,,False,,,,,False,
2025-12-05 15:48:59,685.015,low,False,,,,False,,,,,False,
2025-12-08 09:48:52,685.335,low,False,,,,False,,,,,False,
2025-12-08 10:18:51,685.005,low,False,,,,False,,,,,False,
2025-12-08 10:29:23,684.555,high,False,,,,False,,,,,False,
2025-12-08 10:47:21,684.32,low,False,,,,False,,,,,False,
2025-12-08 11:44:53,683.8298,low,False,,,,False,,,,,False,
2025-12-08 12:03:51,682.8756,low,False,,,,False,,,,,False,
2025-12-08 12:21:51,682.88,low,False,,,,False,,,,,False,
2025-12-08 13:31:51,682.7827,low,False,,,,False,,,,,False,
2025-12-08 13:54:22,682.59,low,False,,,,False,,,,,False,
2025-12-08 14:31:29,682.31,low,False,,,,False,,,,,False,
2025-12-08 14:49:26,682.51,low,False,,,,False,,,,,False,
2025-12-08 15:32:51,682.34,low,True,684.18,2025-12-09 10:14:13,0.2696602866605971,True,684.62,2025-12-09 11:04:12,0.3341442682533594,1.0,False,684.03
2025-12-09 10:39:13,684.03,medium,True,684.62,2025-12-09 11:04:12,0.08625352689210004,True,685.21,2025-12-09 11:21:12,0.1725070537842001,0.0,False,684.03
2025-12-09 12:46:13,683.88,medium,False,,,,False,,,,,False,
2025-12-09 13:47:19,683.55,low,False,,,,False,,,,,False,
2025-12-09 14:36:41,683.475,low,False,,,,False,,,,,False,
2025-12-09 15:11:12,683.61,low,False,,,,False,,,,,False,
2025-12-09 15:26:14,683.3799,low,False,,,,False,,,,,False,
2025-12-09 15:52:12,683.19,low,False,,,,False,,,,,False,
2025-12-09 15:56:11,682.84,low,True,682.995,2025-12-10 10:03:49,0.022699314627141455,False,,,,1.0,True,682.15
2025-12-10 10:41:51,682.15,low,False,,,,False,,,,,False,
2025-12-10 11:01:27,681.82,low,True,683.25,2025-12-10 12:13:27,0.20973277404592855,True,683.25,2025-12-10 12:14:51,0.20973277404592855,0.0,False,681.82
2025-12-10 13:52:51,682.985,high,True,684.05,2025-12-10 14:01:52,0.15593314640877043,True,688.65,2025-12-10 15:35:50,0.8294472060147681,0.0,False,682.985
2025-12-11 09:48:32,684.17,low,True,686.47,2025-12-11 11:44:30,0.33617375798413673,False,,,,,False,
