trade #,timestamp,buy/sell,fPrice,position,avgPrice,remaining capital,PnL
,2025-02-14 09:37:02,Buy,610.21,1,610.21,9389.79,
1,2025-02-14 09:59:00,Sell,610.465,0,610.21,10000.26,0.25
,2025-02-14 10:03:02,Buy,610.3701,1,610.37,9389.88,
2,2025-02-14 10:14:01,Sell,610.68,0,610.37,10000.56,0.31
,2025-02-14 10:34:02,Buy,610.17,1,610.17,9390.39,
3,2025-02-14 11:08:03,Sell,610.81,0,610.17,10001.2,0.64
,2025-02-14 11:18:01,Buy,610.11,1,610.11,9391.09,
,2025-02-14 11:22:01,Buy,609.84,2,609.98,8781.25,
,2025-02-14 11:49:03,Buy,609.7,3,609.88,8171.55,
,2025-02-14 12:09:01,Buy,609.64,4,609.82,7561.91,
4,2025-02-14 13:41:02,Sell,610.46,0,609.82,10003.75,2.55
,2025-02-14 15:31:00,Buy,609.78,1,609.78,9393.97,
,2025-02-18 09:41:49,Buy,610.6299,2,610.2,8783.34,
,2025-02-18 09:47:48,Buy,610.0399,3,610.15,8173.31,
,2025-02-18 10:26:51,Buy,609.6,4,610.01,7563.71,
5,2025-02-18 11:03:50,Sell,610.51,0,610.01,10005.75,1.99
,2025-02-18 11:25:50,Buy,609.99,1,609.99,9395.76,
6,2025-02-18 11:57:49,Sell,610.515,0,609.99,10006.27,0.52
,2025-02-18 12:21:49,Buy,609.81,1,609.81,9396.46,
7,2025-02-18 12:51:49,Sell,610.51,0,609.81,10006.97,0.7
,2025-02-18 13:19:51,Buy,609.86,1,609.86,9397.11,
,2025-02-18 13:35:49,Buy,609.71,2,609.79,8787.4,
,2025-02-18 14:04:51,Buy,609.66,3,609.74,8177.74,
,2025-02-18 14:07:49,Buy,608.865,4,609.52,7568.88,
,2025-02-18 14:08:49,Buy,608.88,5,609.4,6960.0,
8,2025-02-18 15:55:48,Sell,610.46,0,609.4,10012.3,5.32
,2025-02-19 09:52:46,Buy,609.94,1,609.94,9402.36,
,2025-02-19 10:19:47,Buy,609.9401,2,609.94,8792.41,
,2025-02-19 10:21:46,Buy,609.87,3,609.92,8182.54,
9,2025-02-19 10:30:47,Sell,610.305,0,609.92,10013.46,1.16
,2025-02-20 09:36:31,Buy,611.34,1,611.34,9402.12,
,2025-02-20 09:45:30,Buy,610.5,2,610.92,8791.62,
,2025-02-20 09:57:30,Buy,609.06,3,610.3,8182.56,
,2025-02-20 10:51:31,Buy,607.6698,4,609.64,7574.89,
,2025-02-20 11:49:32,Buy,607.59,5,609.23,6967.3,
,2025-02-21 09:45:53,Buy,609.32,6,609.25,6357.98,
,2025-02-21 09:50:54,Buy,608.4725,7,609.14,5749.51,
,2025-02-21 10:08:54,Buy,608.1701,8,609.02,5141.34,
,2025-02-21 10:27:54,Buy,606.66,9,608.75,4534.68,
,2025-02-21 11:07:54,Buy,606.76,10,608.55,3927.92,
,2025-02-21 11:55:54,Buy,606.6,11,608.38,3321.32,
,2025-02-21 12:19:57,Buy,605.7,12,608.15,2715.62,
,2025-02-21 12:48:55,Buy,604.81,13,607.9,2110.81,
,2025-02-21 12:57:55,Buy,603.78,14,607.6,1507.03,
,2025-02-21 13:34:57,Buy,602.05,15,607.23,904.98,
,2025-02-21 13:54:56,Buy,602.21,16,606.92,302.77,
10,2025-06-24 13:50:51,Sell,607.035,0,606.92,10015.33,1.87
,2025-06-25 09:42:41,Buy,608.4,1,608.4,9406.93,
,2025-06-25 09:52:41,Buy,607.77,2,608.09,8799.16,
,2025-06-25 10:38:45,Buy,607.729,3,607.97,8191.43,
,2025-06-25 11:20:42,Buy,606.9,4,607.7,7584.53,
,2025-06-25 12:00:42,Buy,607.02,5,607.56,6977.51,
,2025-06-25 12:36:42,Buy,606.81,6,607.44,6370.7,
,2025-06-25 12:50:41,Buy,606.6699,7,607.33,5764.03,
,2025-06-25 13:42:41,Buy,606.12,8,607.18,5157.91,
,2025-06-25 14:27:41,Buy,606.33,9,607.08,4551.58,
,2025-06-25 14:31:43,Buy,606.15,10,606.99,3945.43,
,2025-06-26 09:48:48,Buy,608.875,11,607.16,3336.55,
11,2025-06-26 10:06:49,Sell,609.2107,0,607.16,10037.87,22.54
,2025-06-27 13:46:52,Buy,614.01,1,614.01,9423.86,
,2025-06-27 14:31:52,Buy,612.04,2,613.02,8811.82,
,2025-06-30 09:40:54,Buy,616.6951,3,614.25,8195.13,
,2025-06-30 10:20:53,Buy,616.2793,4,614.76,7578.85,
12,2025-06-30 10:36:54,Sell,616.25,0,614.76,10043.85,5.98
,2025-06-30 10:50:53,Buy,615.995,1,616.0,9427.85,
,2025-06-30 11:24:57,Buy,616.1,2,616.05,8811.75,
13,2025-06-30 12:36:54,Sell,616.695,0,616.05,10045.14,1.3
,2025-06-30 13:32:56,Buy,616.205,1,616.21,9428.94,
,2025-06-30 13:48:56,Buy,616.0787,2,616.14,8812.86,
,2025-06-30 13:58:53,Buy,615.78,3,616.02,8197.08,
,2025-06-30 14:32:54,Buy,615.67,4,615.93,7581.41,
,2025-06-30 14:52:30,Buy,616.26,5,616.0,6965.15,
14,2025-06-30 15:07:55,Sell,617.15,0,616.0,10050.9,5.76
,2025-07-01 10:38:50,Buy,616.845,1,616.85,9434.05,
15,2025-07-01 12:16:49,Sell,617.97,0,616.85,10052.02,1.12
,2025-07-02 09:42:50,Buy,617.27,1,617.27,9434.75,
16,2025-07-02 10:26:49,Sell,618.36,0,617.27,10053.11,1.09
,2025-07-07 09:46:51,Buy,623.145,1,623.14,9429.97,
,2025-07-07 10:38:51,Buy,622.6699,2,622.91,8807.3,
,2025-07-07 10:54:56,Buy,622.28,3,622.7,8185.02,
,2025-07-07 11:14:58,Buy,621.935,4,622.51,7563.08,
,2025-07-07 12:56:50,Buy,619.79,5,621.96,6943.29,
,2025-07-07 13:42:53,Buy,619.925,6,621.62,6323.37,
,2025-07-07 14:16:52,Buy,619.59,7,621.33,5703.78,
,2025-07-07 14:20:51,Buy,618.14,8,620.93,5085.64,
,2025-07-08 09:58:50,Buy,621.06,9,620.95,4464.58,
,2025-07-08 10:00:49,Buy,620.83,10,620.94,3843.75,
,2025-07-08 11:24:54,Buy,619.94,11,620.85,3223.81,
17,2025-07-08 12:24:56,Sell,621.6,0,620.85,10061.41,8.3
,2025-07-09 10:30:39,Buy,622.88,1,622.88,9438.53,
,2025-07-09 10:52:35,Buy,621.44,2,622.16,8817.09,
18,2025-07-09 15:55:34,Sell,624.135,0,622.16,10065.36,3.95
,2025-07-10 09:43:07,Buy,623.74,1,623.74,9441.62,
19,2025-07-10 10:43:07,Sell,624.72,0,623.74,10066.34,0.98
,2025-07-14 09:44:41,Buy,621.94,1,621.94,9444.4,
20,2025-07-14 11:02:38,Sell,623.63,0,621.94,10068.03,1.69
,2025-07-15 09:52:50,Buy,626.36,1,626.36,9441.67,
,2025-07-15 10:36:50,Buy,625.19,2,625.78,8816.48,
,2025-07-15 12:34:56,Buy,624.23,3,625.26,8192.25,
,2025-07-15 12:58:52,Buy,623.25,4,624.76,7569.0,
,2025-07-15 14:54:57,Buy,623.98,5,624.6,6945.02,
,2025-07-15 15:42:50,Buy,623.76,6,624.46,6321.26,
,2025-07-15 15:52:52,Buy,623.155,7,624.27,5698.1,
,2025-07-15 15:58:52,Buy,622.65,8,624.07,5075.45,
,2025-07-16 09:40:16,Buy,623.24,9,623.98,4452.21,
,2025-07-16 10:55:18,Buy,622.275,10,623.81,3829.94,
,2025-07-16 11:19:11,Buy,620.24,11,623.48,3209.7,
21,2025-07-16 14:38:12,Sell,623.705,0,623.48,10070.45,2.43
,2025-07-18 09:53:04,Buy,628.75,1,628.75,9441.7,
22,2025-07-18 10:01:05,Sell,628.9649,0,628.75,10070.67,0.21
,2025-07-18 10:41:04,Buy,627.32,1,627.32,9443.35,
,2025-07-18 11:02:08,Buy,627.16,2,627.24,8816.19,
,2025-07-18 12:23:05,Buy,627.33,3,627.27,8188.86,
,2025-07-18 12:59:10,Buy,626.68,4,627.12,7562.18,
,2025-07-18 13:29:12,Buy,626.94,5,627.09,6935.24,
,2025-07-18 14:11:05,Buy,627.0,6,627.07,6308.24,
,2025-07-18 15:07:05,Buy,627.095,7,627.07,5681.14,
,2025-07-18 15:45:06,Buy,627.0653,8,627.07,5054.08,
23,2025-07-21 10:12:52,Sell,630.68,0,627.07,10099.52,28.85
,2025-07-21 15:15:51,Buy,629.69,1,629.69,9469.83,
,2025-07-21 15:45:53,Buy,628.735,2,629.21,8841.09,
,2025-07-22 09:42:54,Buy,629.015,3,629.15,8212.08,
,2025-07-22 09:50:54,Buy,627.99,4,628.86,7584.09,
,2025-07-22 09:55:00,Buy,627.14,5,628.51,6956.95,
24,2025-07-22 13:30:55,Sell,629.09,0,628.51,10102.4,2.88
,2025-07-23 09:46:48,Buy,630.2299,1,630.23,9472.17,
,2025-07-23 10:23:48,Buy,630.395,2,630.31,8841.77,
25,2025-07-23 11:11:49,Sell,630.705,0,630.31,10103.18,0.79
,2025-07-24 09:42:51,Buy,634.34,1,634.34,9468.84,
26,2025-07-24 10:02:53,Sell,635.08,0,634.34,10103.92,0.74
,2025-07-24 10:16:52,Buy,634.38,1,634.38,9469.54,
27,2025-07-24 11:29:56,Sell,635.525,0,634.38,10105.07,1.14
,2025-07-24 12:37:53,Buy,634.49,1,634.49,9470.58,
,2025-07-24 13:01:55,Buy,634.885,2,634.69,8835.69,
28,2025-07-24 13:29:54,Sell,635.38,0,634.69,10106.45,1.38
,2025-07-25 09:45:13,Buy,635.275,1,635.27,9471.18,
29,2025-07-25 09:55:14,Sell,635.44,0,635.27,10106.62,0.17
,2025-07-28 09:54:53,Buy,637.285,1,637.28,9469.33,
30,2025-07-28 10:04:57,Sell,637.66,0,637.28,10106.99,0.38
,2025-07-28 10:54:55,Buy,637.34,1,637.34,9469.65,
,2025-07-28 11:20:50,Buy,636.365,2,636.85,8833.29,
,2025-07-28 11:48:50,Buy,637.32,3,637.01,8195.97,
,2025-07-28 12:12:50,Buy,637.195,4,637.06,7558.77,
31,2025-07-28 12:20:49,Sell,637.545,0,637.06,10108.95,1.96
,2025-07-28 13:46:50,Buy,636.6951,1,636.7,9472.26,
,2025-07-28 13:48:50,Buy,636.675,2,636.69,8835.58,
,2025-07-28 14:00:53,Buy,636.11,3,636.49,8199.47,
,2025-07-28 14:06:50,Buy,635.74,4,636.31,7563.73,
,2025-07-28 14:46:49,Buy,635.985,5,636.24,6927.75,
,2025-07-28 15:08:50,Buy,635.87,6,636.18,6291.88,
,2025-07-28 15:36:50,Buy,635.96,7,636.15,5655.92,
,2025-07-29 09:46:28,Buy,638.12,8,636.39,5017.8,
,2025-07-29 09:50:33,Buy,637.37,9,636.5,4380.43,
,2025-07-29 10:44:29,Buy,637.2,10,636.57,3743.23,
,2025-07-29 10:54:31,Buy,636.73,11,636.59,3106.5,
,2025-07-29 11:20:36,Buy,636.265,12,636.56,2470.23,
,2025-07-29 11:36:29,Buy,635.48,13,636.48,1834.75,
,2025-07-29 12:40:40,Buy,635.32,14,636.39,1199.43,
,2025-07-29 13:40:35,Buy,635.65,15,636.34,563.78,
32,2025-07-30 12:53:06,Sell,636.52,0,636.34,10111.58,2.63
,2025-07-30 15:51:04,Buy,633.305,1,633.3,9478.28,
,2025-07-31 09:40:47,Buy,638.09,2,635.7,8840.19,
33,2025-07-31 09:56:46,Sell,639.63,0,635.7,10119.45,7.87
,2025-07-31 10:46:46,Buy,637.86,1,637.86,9481.59,
,2025-07-31 13:22:46,Buy,636.11,2,636.99,8845.48,
,2025-07-31 13:52:49,Buy,633.735,3,635.9,8211.74,
,2025-07-31 15:25:03,Buy,633.06,4,635.19,7578.68,
,2025-07-31 15:51:46,Buy,631.33,5,634.42,6947.35,
,2025-08-01 09:44:26,Buy,622.282,6,632.4,6325.07,
,2025-08-01 13:28:27,Buy,620.51,7,630.7,5704.56,
,2025-08-01 14:10:31,Buy,619.895,8,629.35,5084.67,
34,2025-08-04 12:00:51,Sell,630.0206,0,629.35,10124.83,5.38
,2025-08-05 10:26:51,Buy,629.36,1,629.36,9495.47,
,2025-08-05 10:45:06,Buy,627.56,2,628.46,8867.91,
,2025-08-05 11:30:50,Buy,627.92,3,628.28,8239.99,
,2025-08-05 12:46:51,Buy,627.885,4,628.18,7612.11,
,2025-08-05 15:48:52,Buy,628.31,5,628.21,6983.8,
,2025-08-06 09:50:50,Buy,628.75,6,628.3,6355.05,
35,2025-08-06 10:56:50,Sell,630.89,0,628.3,10140.39,15.55
,2025-08-07 09:44:44,Buy,636.2,1,636.2,9504.19,
,2025-08-07 10:14:47,Buy,634.685,2,635.44,8869.5,
,2025-08-07 12:00:44,Buy,631.795,3,634.23,8237.71,
,2025-08-07 12:40:44,Buy,631.4,4,633.52,7606.31,
,2025-08-07 12:44:49,Buy,630.5607,5,632.93,6975.75,
,2025-08-07 13:24:47,Buy,630.94,6,632.6,6344.81,
,2025-08-07 14:12:42,Buy,630.01,7,632.23,5714.8,
36,2025-08-08 10:18:50,Sell,636.16,0,632.23,10167.92,27.53
,2025-08-11 10:44:56,Buy,637.265,1,637.26,9530.65,
,2025-08-11 11:20:54,Buy,637.2799,2,637.27,8893.37,
,2025-08-11 11:28:52,Buy,637.1,3,637.21,8256.27,
37,2025-08-11 11:52:52,Sell,637.605,0,637.21,10169.09,1.17
,2025-08-11 13:42:55,Buy,636.6,1,636.6,9532.49,
,2025-08-11 14:14:55,Buy,636.58,2,636.59,8895.91,
,2025-08-11 14:46:53,Buy,636.125,3,636.44,8259.78,
,2025-08-11 15:16:55,Buy,636.2,4,636.38,7623.58,
,2025-08-11 15:32:54,Buy,636.17,5,636.34,6987.41,
,2025-08-11 15:52:52,Buy,634.8599,6,636.09,6352.55,
,2025-08-12 09:50:50,Buy,637.08,7,636.23,5715.47,
38,2025-08-12 10:52:50,Sell,640.1308,0,636.23,10196.39,27.3
,2025-08-13 10:00:57,Buy,645.32,1,645.32,9551.07,
,2025-08-13 10:34:56,Buy,644.05,2,644.68,8907.02,
,2025-08-13 11:07:01,Buy,643.46,3,644.28,8263.56,
,2025-08-13 11:58:56,Buy,643.46,4,644.07,7620.1,
,2025-08-13 12:28:56,Buy,643.48,5,643.95,6976.62,
,2025-08-13 12:52:56,Buy,642.9401,6,643.79,6333.68,
,2025-08-13 13:34:56,Buy,642.79,7,643.64,5690.89,
,2025-08-13 13:50:57,Buy,643.135,8,643.58,5047.75,
39,2025-08-14 10:01:01,Sell,644.0,0,643.58,10199.75,3.36
,2025-08-15 09:58:50,Buy,643.95,1,643.95,9555.8,
,2025-08-15 10:56:50,Buy,643.7899,2,643.87,8912.01,
,2025-08-15 11:28:51,Buy,643.53,3,643.76,8268.48,
,2025-08-15 11:44:54,Buy,642.63,4,643.47,7625.85,
,2025-08-15 12:06:50,Buy,643.42,5,643.46,6982.43,
,2025-08-15 12:32:50,Buy,643.36,6,643.45,6339.07,
,2025-08-15 15:52:52,Buy,643.44,7,643.45,5695.63,
,2025-08-18 09:45:30,Buy,643.54,8,643.46,5052.09,
40,2025-08-18 10:27:23,Sell,643.78,0,643.46,10202.33,2.58
,2025-08-18 10:31:26,Buy,643.05,1,643.05,9559.28,
,2025-08-18 11:09:22,Buy,643.3,2,643.17,8915.98,
,2025-08-18 11:49:23,Buy,642.98,3,643.11,8273.0,
,2025-08-18 12:11:23,Buy,643.135,4,643.12,7629.87,
,2025-08-18 12:37:23,Buy,642.59,5,643.01,6987.28,
41,2025-08-18 13:31:24,Sell,643.76,0,643.01,10206.08,3.74
,2025-08-18 14:21:23,Buy,642.62,1,642.62,9563.46,
42,2025-08-18 14:53:24,Sell,643.435,0,642.62,10206.89,0.81
,2025-08-19 10:46:07,Buy,642.11,1,642.11,9564.78,
,2025-08-19 12:10:13,Buy,640.46,2,641.29,8924.32,
,2025-08-19 12:42:07,Buy,639.85,3,640.81,8284.47,
,2025-08-19 14:45:14,Buy,638.91,4,640.33,7645.56,
,2025-08-19 15:04:08,Buy,638.84,5,640.03,7006.72,
,2025-08-19 15:52:07,Buy,639.07,6,639.87,6367.65,
,2025-08-20 09:48:45,Buy,637.67,7,639.56,5729.98,
,2025-08-20 10:42:45,Buy,633.76,8,638.83,5096.22,
,2025-08-21 09:45:16,Buy,634.9399,9,638.4,4461.28,
,2025-08-21 09:47:12,Buy,635.54,10,638.11,3825.74,
,2025-08-21 12:13:12,Buy,635.66,11,637.89,3190.08,
,2025-08-21 12:37:15,Buy,635.18,12,637.67,2554.9,
,2025-08-21 13:00:17,Buy,634.99,13,637.46,1919.91,
,2025-08-21 13:19:12,Buy,634.37,14,637.24,1285.54,
43,2025-08-22 09:44:54,Sell,639.41,0,637.24,10237.28,30.39
,2025-08-25 09:40:20,Buy,643.99,1,643.99,9593.29,
44,2025-08-25 10:02:15,Sell,644.23,0,643.99,10237.52,0.24
,2025-08-25 10:20:20,Buy,643.85,1,643.85,9593.67,
45,2025-08-25 11:08:16,Sell,644.53,0,643.85,10238.2,0.68
,2025-08-25 15:00:22,Buy,643.935,1,643.93,9594.27,
,2025-08-25 15:18:17,Buy,643.6642,2,643.8,8950.6,
,2025-08-25 15:44:16,Buy,643.579,3,643.73,8307.02,
,2025-08-25 15:58:16,Buy,642.92,4,643.52,7664.1,
,2025-08-26 09:50:50,Buy,642.15,5,643.25,7021.95,
46,2025-08-26 12:16:49,Sell,643.355,0,643.25,10238.73,0.53
,2025-08-27 09:50:48,Buy,644.98,1,644.98,9593.75,
47,2025-08-27 10:24:53,Sell,646.22,0,644.98,10239.97,1.24
,2025-08-28 09:56:24,Buy,645.395,1,645.39,9594.57,
48,2025-08-28 11:18:27,Sell,647.37,0,645.39,10241.94,1.98
,2025-08-29 10:46:36,Buy,644.17,1,644.17,9597.77,
,2025-08-29 13:02:38,Buy,644.37,2,644.27,8953.4,
,2025-08-29 15:52:36,Buy,644.295,3,644.28,8309.11,
,2025-09-02 11:36:58,Buy,635.52,4,642.09,7673.59,
,2025-09-03 09:47:33,Buy,642.57,5,642.19,7031.02,
49,2025-09-03 10:27:35,Sell,642.64,0,642.19,10244.22,2.27
,2025-09-03 13:36:37,Buy,642.07,1,642.07,9602.15,
,2025-09-03 13:46:36,Buy,640.97,2,641.52,8961.18,
,2025-09-03 15:20:52,Buy,640.8701,3,641.3,8320.31,
,2025-09-04 09:41:07,Buy,644.7687,4,642.17,7675.54,
,2025-09-04 10:06:48,Buy,644.0191,5,642.54,7031.52,
50,2025-09-04 10:38:51,Sell,645.69,0,642.54,10259.97,15.75
,2025-09-05 09:40:39,Buy,651.5709,1,651.57,9608.4,
,2025-09-05 11:02:23,Buy,643.76,2,647.67,8964.64,
,2025-09-05 13:41:24,Buy,645.32,3,646.88,8319.32,
,2025-09-08 09:40:44,Buy,648.49,4,647.29,7670.83,
51,2025-09-08 09:58:25,Sell,648.4575,0,647.29,10264.66,4.69
,2025-09-08 12:39:28,Buy,648.15,1,648.15,9616.51,
,2025-09-08 13:40:29,Buy,648.2199,2,648.18,8968.29,
,2025-09-08 13:54:26,Buy,647.72,3,648.03,8320.57,
,2025-09-08 15:12:26,Buy,647.48,4,647.89,7673.09,
,2025-09-09 09:42:53,Buy,649.07,5,648.13,7024.02,
,2025-09-09 10:02:55,Buy,648.76,6,648.23,6375.26,
,2025-09-09 10:34:52,Buy,647.62,7,648.15,5727.64,
52,2025-09-09 13:01:21,Sell,649.245,0,648.15,10272.35,7.7
,2025-09-10 10:37:35,Buy,653.55,1,653.55,9618.8,
,2025-09-10 11:31:35,Buy,652.58,2,653.07,8966.22,
,2025-09-10 12:24:35,Buy,652.88,3,653.0,8313.34,
,2025-09-10 12:38:34,Buy,652.655,4,652.92,7660.69,
,2025-09-10 13:20:36,Buy,652.865,5,652.91,7007.82,
,2025-09-10 13:47:02,Buy,652.26,6,652.8,6355.56,
,2025-09-10 13:54:35,Buy,652.17,7,652.71,5703.39,
,2025-09-10 14:44:38,Buy,651.835,8,652.6,5051.56,
,2025-09-11 09:40:50,Buy,654.13,9,652.77,4397.43,
53,2025-09-11 10:22:31,Sell,655.73,0,652.77,10299.0,26.64
,2025-09-12 10:00:58,Buy,657.7983,1,657.8,9641.2,
54,2025-09-12 10:06:57,Sell,657.995,0,657.8,10299.2,0.2
,2025-09-12 11:31:58,Buy,657.695,1,657.7,9641.5,
,2025-09-12 12:18:57,Buy,657.91,2,657.8,8983.59,
,2025-09-12 12:40:57,Buy,657.78,3,657.79,8325.81,
55,2025-09-12 12:50:56,Sell,657.99,0,657.79,10299.78,0.59
,2025-09-12 15:44:56,Buy,657.75,1,657.75,9642.03,
56,2025-09-15 09:52:34,Sell,660.355,0,657.75,10302.39,2.61
,2025-09-15 10:21:34,Buy,660.125,1,660.12,9642.26,
57,2025-09-15 10:33:34,Sell,660.715,0,660.12,10302.98,0.59
,2025-09-15 12:59:36,Buy,660.13,1,660.13,9642.85,
,2025-09-15 14:17:34,Buy,660.08,2,660.11,8982.77,
,2025-09-15 14:37:55,Buy,659.89,3,660.03,8322.88,
,2025-09-15 14:45:34,Buy,659.51,4,659.9,7663.37,
,2025-09-15 15:18:35,Buy,659.93,5,659.91,7003.44,
,2025-09-15 15:52:36,Buy,660.04,6,659.93,6343.4,
,2025-09-15 15:58:37,Buy,660.67,7,660.04,5682.73,
,2025-09-16 09:55:49,Buy,660.23,8,660.06,5022.5,
,2025-09-16 10:32:48,Buy,659.91,9,660.04,4362.59,
,2025-09-16 10:58:52,Buy,659.93,10,660.03,3702.66,
,2025-09-16 11:04:49,Buy,659.53,11,659.99,3043.13,
,2025-09-16 11:35:48,Buy,659.5101,12,659.95,2383.62,
,2025-09-16 12:36:49,Buy,659.57,13,659.92,1724.05,
,2025-09-16 15:59:51,Buy,659.93,14,659.92,1064.12,
,2025-09-17 09:43:04,Buy,659.81,15,659.91,404.31,
58,2025-09-17 09:47:25,Sell,660.1263,0,659.91,10306.2,3.22
,2025-09-17 10:31:04,Buy,659.22,1,659.22,9646.98,
,2025-09-17 10:46:23,Buy,659.2079,2,659.21,8987.77,
,2025-09-17 10:51:06,Buy,659.17,3,659.2,8328.6,
,2025-09-17 11:13:26,Buy,659.52,4,659.28,7669.08,
,2025-09-17 11:51:05,Buy,658.95,5,659.21,7010.13,
,2025-09-17 12:11:05,Buy,658.96,6,659.17,6351.17,
59,2025-09-17 14:02:05,Sell,660.91,0,659.17,10316.63,10.43
,2025-09-17 14:47:05,Buy,656.51,1,656.51,9660.12,
60,2025-09-18 10:14:57,Sell,663.62,0,656.51,10323.74,7.11
,2025-09-19 11:25:51,Buy,660.95,1,660.95,9662.79,
,2025-09-19 11:45:52,Buy,661.099,2,661.02,9001.69,
61,2025-09-19 12:15:52,Sell,662.25,0,661.02,10326.19,2.45
,2025-09-22 09:47:11,Buy,662.825,1,662.83,9663.37,
62,2025-09-22 10:29:32,Sell,664.08,0,662.83,10327.45,1.25
,2025-09-23 09:44:21,Buy,666.8992,1,666.9,9660.55,
63,2025-09-23 09:46:21,Sell,666.97,0,666.9,10327.52,0.07
,2025-09-23 10:30:33,Buy,666.61,1,666.61,9660.91,
,2025-09-23 11:28:21,Buy,666.15,2,666.38,8994.76,
,2025-09-23 11:42:22,Buy,665.6099,3,666.12,8329.15,
,2025-09-23 12:18:22,Buy,665.295,4,665.92,7663.85,
,2025-09-23 13:00:33,Buy,665.02,5,665.74,6998.83,
,2025-09-23 13:22:22,Buy,664.71,6,665.57,6334.12,
,2025-09-23 14:40:33,Buy,662.695,7,665.16,5671.43,
,2025-09-24 09:52:43,Buy,662.77,8,664.86,5008.66,
,2025-09-24 11:04:46,Buy,662.82,9,664.63,4345.84,
,2025-09-24 11:34:47,Buy,662.17,10,664.38,3683.67,
,2025-09-24 11:48:47,Buy,661.46,11,664.12,3022.21,
,2025-09-24 12:16:44,Buy,659.81,12,663.76,2362.4,
,2025-09-24 13:48:44,Buy,660.47,13,663.51,1701.93,
,2025-09-24 14:12:45,Buy,660.19,14,663.27,1041.74,
,2025-09-25 09:42:49,Buy,655.38,15,662.74,386.36,
64,2025-09-29 09:46:58,Sell,664.465,0,662.74,10353.33,25.82
,2025-09-29 10:05:18,Buy,664.2293,1,664.23,9689.1,
65,2025-09-29 10:32:59,Sell,664.81,0,664.23,10353.91,0.58
,2025-09-29 12:09:01,Buy,663.28,1,663.28,9690.63,
,2025-09-29 13:54:59,Buy,663.04,2,663.16,9027.59,
,2025-09-29 15:08:59,Buy,662.69,3,663.0,8364.9,
,2025-09-30 09:41:00,Buy,662.61,4,662.9,7702.29,
,2025-09-30 10:28:49,Buy,662.715,5,662.87,7039.58,
66,2025-09-30 10:32:48,Sell,663.07,0,662.87,10354.93,1.02
,2025-09-30 11:40:57,Buy,662.02,1,662.02,9692.91,
,2025-09-30 12:01:01,Buy,663.085,2,662.55,9029.82,
67,2025-09-30 12:22:49,Sell,663.74,0,662.55,10357.3,2.38
,2025-09-30 13:12:48,Buy,662.31,1,662.31,9694.99,
,2025-09-30 13:36:49,Buy,661.98,2,662.14,9033.01,
68,2025-09-30 14:41:15,Sell,664.14,0,662.14,10361.29,3.99
,2025-10-01 09:50:49,Buy,663.605,1,663.61,9697.69,
69,2025-10-01 11:28:49,Sell,666.4051,0,663.61,10364.09,2.8
,2025-10-02 10:26:15,Buy,668.6399,1,668.64,9695.46,
,2025-10-02 10:45:29,Buy,668.15,2,668.39,9027.31,
,2025-10-02 11:03:14,Buy,667.29,3,668.03,8360.02,
,2025-10-02 11:30:29,Buy,667.61,4,667.92,7692.41,
,2025-10-02 11:34:15,Buy,667.32,5,667.8,7025.09,
70,2025-10-03 09:40:51,Sell,671.1368,0,667.8,10380.77,16.67
,2025-10-03 13:04:57,Buy,670.925,1,670.92,9709.84,
,2025-10-03 13:46:52,Buy,669.61,2,670.27,9040.23,
,2025-10-03 13:52:52,Buy,668.8,3,669.78,8371.43,
,2025-10-06 09:50:53,Buy,670.405,4,669.93,7701.03,
71,2025-10-06 10:28:54,Sell,670.515,0,669.93,10383.09,2.32
,2025-10-07 10:28:20,Buy,671.4,1,671.4,9711.69,
,2025-10-07 10:54:18,Buy,671.0,2,671.2,9040.69,
,2025-10-07 11:06:17,Buy,669.52,3,670.64,8371.17,
,2025-10-07 11:40:22,Buy,668.49,4,670.1,7702.68,
,2025-10-07 11:58:17,Buy,668.15,5,669.71,7034.53,
,2025-10-07 12:16:17,Buy,668.0385,6,669.43,6366.49,
,2025-10-07 12:56:18,Buy,668.46,7,669.29,5698.03,
,2025-10-07 14:02:17,Buy,668.04,8,669.14,5029.99,
72,2025-10-08 10:36:40,Sell,671.92,0,669.14,10405.35,22.26
,2025-10-09 09:48:51,Buy,672.86,1,672.86,9732.49,
,2025-10-09 10:20:51,Buy,671.5,2,672.18,9060.99,
,2025-10-09 10:32:51,Buy,670.79,3,671.72,8390.2,
,2025-10-09 11:32:52,Buy,670.675,4,671.46,7719.53,
,2025-10-09 12:24:58,Buy,670.95,5,671.35,7048.58,
,2025-10-09 12:42:51,Buy,670.4588,6,671.21,6378.12,
,2025-10-09 13:00:52,Buy,670.08,7,671.04,5708.04,
,2025-10-09 13:16:51,Buy,669.65,8,670.87,5038.39,
,2025-10-09 14:28:51,Buy,669.82,9,670.75,4368.57,
,2025-10-10 11:35:22,Buy,661.2,10,669.8,3707.37,
,2025-10-10 14:43:15,Buy,658.3,11,668.75,3049.07,
,2025-10-10 15:57:17,Buy,653.395,12,667.47,2395.67,
,2025-10-14 09:42:49,Buy,654.46,13,666.47,1741.21,
73,2025-10-15 10:04:56,Sell,668.955,0,666.47,10437.63,32.28
,2025-10-15 13:15:53,Buy,659.03,1,659.03,9778.6,
,2025-10-16 10:08:26,Buy,666.565,2,662.8,9112.03,
74,2025-10-16 10:26:28,Sell,666.38,0,662.8,10444.79,7.16
,2025-10-16 11:31:27,Buy,665.37,1,665.37,9779.42,
,2025-10-16 12:11:27,Buy,664.58,2,664.98,9114.84,
,2025-10-16 12:31:28,Buy,661.14,3,663.7,8453.7,
,2025-10-16 14:05:33,Buy,660.0,4,662.77,7793.7,
,2025-10-16 14:16:35,Buy,658.25,5,661.87,7135.45,
,2025-10-16 15:22:28,Buy,658.59,6,661.32,6476.86,
,2025-10-17 09:44:55,Buy,658.65,7,660.94,5818.21,
,2025-10-17 10:58:51,Buy,659.54,8,660.76,5158.67,
75,2025-10-17 12:25:00,Sell,663.33,0,660.76,10465.31,20.52
,2025-10-22 10:07:51,Buy,671.47,1,671.47,9793.84,
,2025-10-22 10:15:52,Buy,670.85,2,671.16,9122.99,
,2025-10-22 11:28:51,Buy,668.24,3,670.19,8454.75,
,2025-10-22 13:25:53,Buy,664.92,4,668.87,7789.83,
,2025-10-22 13:44:53,Buy,663.62,5,667.82,7126.21,
,2025-10-22 15:58:52,Buy,667.52,6,667.77,6458.69,
76,2025-10-23 11:30:51,Sell,670.29,0,667.77,10480.43,15.12
,2025-10-27 10:18:54,Buy,682.84,1,682.84,9797.59,
77,2025-10-27 10:44:54,Sell,683.32,0,682.84,10480.91,0.48
,2025-10-27 10:53:14,Buy,682.595,1,682.6,9798.32,
,2025-10-27 11:13:55,Buy,682.9,2,682.75,9115.42,
,2025-10-27 11:19:56,Buy,682.99,3,682.83,8432.43,
78,2025-10-27 11:49:53,Sell,683.39,0,682.83,10482.6,1.69
,2025-10-28 11:05:15,Buy,685.9,1,685.9,9796.7,
,2025-10-28 11:20:52,Buy,685.73,2,685.82,9110.97,
,2025-10-28 11:30:51,Buy,685.465,3,685.7,8425.5,
79,2025-10-28 12:44:52,Sell,686.73,0,685.7,10485.69,3.09
,2025-10-29 10:20:50,Buy,688.78,1,688.78,9796.91,
,2025-10-29 10:52:14,Buy,688.37,2,688.58,9108.54,
,2025-10-29 11:10:24,Buy,688.185,3,688.45,8420.36,
,2025-10-29 12:04:11,Buy,687.62,4,688.24,7732.74,
,2025-10-29 13:40:29,Buy,687.98,5,688.19,7044.76,
,2025-10-29 14:36:50,Buy,685.6201,6,687.76,6359.14,
,2025-10-30 15:18:54,Buy,681.64,7,686.89,5677.5,
,2025-10-30 15:55:54,Buy,680.235,8,686.05,4997.26,
,2025-10-31 11:47:53,Buy,682.87,9,685.7,4314.39,
,2025-10-31 13:00:51,Buy,680.39,10,685.17,3634.0,
,2025-10-31 13:17:51,Buy,680.0,11,684.7,2954.0,
,2025-11-03 10:00:53,Buy,682.1,12,684.48,2271.9,
,2025-11-03 10:33:53,Buy,680.39,13,684.17,1591.51,
,2025-11-04 14:32:51,Buy,675.59,14,683.56,915.92,
,2025-11-04 15:05:51,Buy,675.55,15,683.02,240.37,
80,2025-11-11 15:13:53,Sell,683.38,0,683.02,10491.07,5.38
,2025-11-12 09:45:51,Buy,684.24,1,684.24,9806.83,
,2025-11-12 10:30:52,Buy,683.055,2,683.65,9123.78,
,2025-11-12 11:09:52,Buy,681.845,3,683.05,8441.93,
,2025-11-12 11:51:52,Buy,681.79,4,682.73,7760.14,
,2025-11-13 10:38:51,Buy,677.35,5,681.66,7082.79,
,2025-11-13 11:06:51,Buy,675.4,6,680.61,6407.39,
,2025-11-13 12:12:51,Buy,674.6,7,679.75,5732.79,
,2025-11-13 12:48:52,Buy,674.8199,8,679.14,5057.97,
,2025-11-13 13:26:52,Buy,672.87,9,678.44,4385.1,
,2025-11-13 14:04:18,Buy,672.11,10,677.81,3712.99,
,2025-11-13 14:20:52,Buy,672.02,11,677.28,3040.97,
,2025-11-13 14:58:17,Buy,671.92,12,676.83,2369.05,
,2025-11-17 11:09:55,Buy,669.235,13,676.25,1699.82,
,2025-11-17 12:41:21,Buy,671.01,14,675.88,1028.81,
,2025-11-17 12:59:19,Buy,669.22,15,675.43,359.59,
81,2025-11-25 15:55:43,Sell,675.72,0,675.43,10495.39,4.32
,2025-11-26 09:41:39,Buy,678.64,1,678.64,9816.75,
,2025-11-26 10:05:43,Buy,677.34,2,677.99,9139.41,
82,2025-11-26 10:35:46,Sell,678.88,0,677.99,10497.17,1.78
,2025-11-28 09:44:59,Buy,681.27,1,681.27,9815.9,
83,2025-11-28 10:16:35,Sell,682.01,0,681.27,10497.91,0.74
,2025-12-02 11:17:41,Buy,681.45,1,681.45,9816.46,
,2025-12-02 13:01:28,Buy,680.8,2,681.12,9135.66,
84,2025-12-02 15:32:43,Sell,682.69,0,681.12,10501.04,3.13
,2025-12-04 10:19:18,Buy,683.38,1,683.38,9817.66,
,2025-12-04 10:26:16,Buy,682.54,2,682.96,9135.12,
85,2025-12-04 12:52:19,Sell,684.29,0,682.96,10503.7,2.66
,2025-12-05 09:44:00,Buy,685.83,1,685.83,9817.87,
86,2025-12-05 10:15:00,Sell,688.03,0,685.83,10505.9,2.2
,2025-12-05 12:26:00,Buy,685.46,1,685.46,9820.44,
,2025-12-05 12:37:59,Buy,685.0348,2,685.25,9135.4,
,2025-12-05 15:48:59,Buy,685.015,3,685.17,8450.39,
,2025-12-08 09:48:52,Buy,685.335,4,685.21,7765.05,
,2025-12-08 10:18:51,Buy,685.005,5,685.17,7080.05,
,2025-12-08 10:47:21,Buy,684.32,6,685.03,6395.73,
,2025-12-08 11:44:53,Buy,683.8298,7,684.86,5711.9,
,2025-12-08 12:03:51,Buy,682.8756,8,684.61,5029.02,
,2025-12-08 12:21:51,Buy,682.88,9,684.42,4346.14,
,2025-12-08 13:31:51,Buy,682.7827,10,684.25,3663.36,
,2025-12-08 13:54:22,Buy,682.59,11,684.1,2980.77,
,2025-12-08 14:31:29,Buy,682.31,12,683.95,2298.46,
,2025-12-08 14:49:26,Buy,682.51,13,683.84,1615.95,
,2025-12-08 15:32:51,Buy,682.34,14,683.73,933.61,
87,2025-12-09 10:14:13,Sell,684.18,0,683.73,10512.13,6.23
,2025-12-09 13:47:19,Buy,683.55,1,683.55,9828.58,
,2025-12-09 14:36:41,Buy,683.475,2,683.51,9145.1,
,2025-12-09 15:11:12,Buy,683.61,3,683.55,8461.49,
,2025-12-09 15:26:14,Buy,683.3799,4,683.5,7778.11,
,2025-12-09 15:52:12,Buy,683.19,5,683.44,7094.92,
,2025-12-09 15:56:11,Buy,682.84,6,683.34,6412.08,
,2025-12-10 10:41:51,Buy,682.15,7,683.17,5729.93,
,2025-12-10 11:01:27,Buy,681.82,8,683.0,5048.11,
88,2025-12-10 12:13:27,Sell,683.25,0,683.0,10514.11,1.99
,2025-12-11 09:48:32,Buy,684.17,1,684.17,9829.94,
89,2025-12-11 11:44:30,Sell,686.47,0,684.17,10516.41,2.3
