trade #,timestamp,buy/sell,fPrice,position,remaining capital,PnL
,2025-02-14 09:37:02,Buy,610.21,1,9389.79,
1,2025-02-14 09:59:00,Sell,610.465,0,10000.26,0.25
,2025-02-14 10:03:02,Buy,610.3701,1,9389.88,
2,2025-02-14 10:14:01,Sell,610.68,0,10000.56,0.31
,2025-02-14 10:34:02,Buy,610.17,1,9390.39,
3,2025-02-14 11:08:03,Sell,610.81,0,10001.2,0.64
,2025-02-14 11:18:01,Buy,610.11,1,9391.09,
,2025-02-14 11:22:01,Buy,609.84,2,8781.25,
,2025-02-14 11:49:03,Buy,609.7,3,8171.55,
,2025-02-14 12:09:01,Buy,609.64,4,7561.91,
4,2025-02-14 13:41:02,Sell,610.46,0,10003.75,2.55
,2025-02-14 15:31:00,Buy,609.78,1,9393.97,
,2025-02-18 09:41:49,Buy,610.6299,2,8783.34,
,2025-02-18 09:47:48,Buy,610.0399,3,8173.31,
,2025-02-18 10:26:51,Buy,609.6,4,7563.71,
5,2025-02-18 11:03:50,Sell,610.51,0,10005.75,1.99
,2025-02-18 11:25:50,Buy,609.99,1,9395.76,
6,2025-02-18 11:57:49,Sell,610.515,0,10006.27,0.52
,2025-02-18 12:21:49,Buy,609.81,1,9396.46,
7,2025-02-18 12:51:49,Sell,610.51,0,10006.97,0.7
,2025-02-18 13:19:51,Buy,609.86,1,9397.11,
,2025-02-18 13:35:49,Buy,609.71,2,8787.4,
,2025-02-18 14:04:51,Buy,609.66,3,8177.74,
,2025-02-18 14:07:49,Buy,608.865,4,7568.88,
,2025-02-18 14:08:49,Buy,608.88,5,6960.0,
8,2025-02-18 15:55:48,Sell,610.46,0,10012.3,5.32
,2025-02-19 09:52:46,Buy,609.94,1,9402.36,
9,2025-02-19 10:02:47,Sell,609.81,0,10012.17,-0.13
,2025-02-19 10:19:47,Buy,609.9401,1,9402.22,
,2025-02-19 10:21:46,Buy,609.87,2,8792.35,
10,2025-02-19 10:30:47,Sell,610.305,0,10012.96,0.8
,2025-02-20 09:36:31,Buy,611.34,1,9401.62,
,2025-02-20 09:45:30,Buy,610.5,2,8791.12,
,2025-02-20 09:57:30,Buy,609.06,3,8182.06,
,2025-02-20 10:51:31,Buy,607.6698,4,7574.4,
,2025-02-20 11:49:32,Buy,607.59,5,6966.81,
,2025-02-21 09:45:53,Buy,609.32,6,6357.49,
,2025-02-21 09:50:54,Buy,608.4725,7,5749.01,
,2025-02-21 10:08:54,Buy,608.1701,8,5140.84,
,2025-02-21 10:27:54,Buy,606.66,9,4534.18,
,2025-02-21 11:07:54,Buy,606.76,10,3927.42,
,2025-02-21 11:55:54,Buy,606.6,11,3320.82,
,2025-02-21 12:19:57,Buy,605.7,12,2715.12,
,2025-02-21 12:48:55,Buy,604.81,13,2110.31,
,2025-02-21 12:57:55,Buy,603.78,14,1506.53,
,2025-02-21 13:34:57,Buy,602.05,15,904.48,
,2025-02-21 13:54:56,Buy,602.21,16,302.27,
11,2025-02-24 12:21:41,Sell,601.3151,0,9923.31,-89.65
,2025-02-25 09:51:47,Buy,595.3556,1,9327.96,
,2025-02-25 10:22:47,Buy,592.02,2,8735.94,
,2025-02-25 11:27:48,Buy,590.92,3,8145.02,
12,2025-02-25 15:23:47,Sell,596.38,0,9934.16,10.84
,2025-02-26 09:43:47,Buy,595.75,1,9338.41,
,2025-02-26 09:50:48,Buy,597.13,2,8741.28,
13,2025-02-26 10:19:49,Sell,599.1301,0,9939.54,5.38
,2025-02-26 13:00:49,Buy,595.6099,1,9343.93,
,2025-02-26 13:35:50,Buy,594.27,2,8749.66,
,2025-02-26 13:51:49,Buy,593.28,3,8156.38,
,2025-02-26 14:58:48,Buy,592.6878,4,7563.69,
14,2025-02-27 09:37:22,Sell,597.555,0,9953.91,14.37
,2025-02-27 10:02:22,Buy,591.6481,1,9362.26,
,2025-02-27 14:25:22,Buy,591.665,2,8770.6,
,2025-02-27 15:07:23,Buy,587.94,3,8182.66,
,2025-02-27 15:30:21,Buy,586.84,4,7595.82,
,2025-02-27 15:55:21,Buy,585.27,5,7010.55,
15,2025-02-28 09:40:53,Sell,584.72,0,9934.15,-19.76
,2025-02-28 13:17:54,Buy,583.33,1,9350.82,
16,2025-02-28 15:01:55,Sell,588.14,0,9938.96,4.81
,2025-03-03 09:40:51,Buy,595.355,1,9343.6,
,2025-03-03 09:59:52,Buy,593.05,2,8750.55,
,2025-03-03 12:58:52,Buy,591.71,3,8158.84,
,2025-03-03 13:19:54,Buy,589.71,4,7569.13,
,2025-03-03 13:38:52,Buy,587.67,5,6981.46,
,2025-03-03 14:30:52,Buy,588.97,6,6392.49,
,2025-03-03 14:52:52,Buy,586.83,7,5805.66,
,2025-03-03 15:04:54,Buy,584.36,8,5221.3,
,2025-03-04 09:36:24,Buy,579.4799,9,4641.82,
,2025-03-04 09:57:25,Buy,577.11,10,4064.71,
,2025-03-04 10:09:25,Buy,574.59,11,3490.12,
,2025-03-04 11:10:24,Buy,572.83,12,2917.29,
,2025-03-04 11:28:24,Buy,572.701,13,2344.59,
17,2025-03-04 13:54:27,Sell,579.7,0,9880.69,-58.27
,2025-03-05 11:11:58,Buy,574.16,1,9306.53,
,2025-03-05 11:27:58,Buy,573.95,2,8732.58,
18,2025-03-05 12:37:58,Sell,578.935,0,9890.45,9.76
,2025-03-06 09:37:35,Buy,574.66,1,9315.79,
19,2025-03-06 10:22:37,Sell,578.7,0,9894.49,4.04
,2025-03-06 12:02:36,Buy,574.23,1,9320.26,
,2025-03-06 12:25:36,Buy,573.175,2,8747.09,
,2025-03-06 12:54:38,Buy,571.87,3,8175.22,
,2025-03-06 14:24:37,Buy,571.245,4,7603.97,
20,2025-03-07 09:58:46,Sell,574.24,0,9900.93,6.44
,2025-03-07 11:21:46,Buy,568.98,1,9331.95,
,2025-03-07 11:52:46,Buy,565.83,2,8766.12,
21,2025-03-07 13:21:48,Sell,573.25,0,9912.62,11.69
,2025-03-10 12:06:29,Buy,563.86,1,9348.76,
,2025-03-10 12:08:29,Buy,563.47,2,8785.29,
,2025-03-10 12:44:30,Buy,562.975,3,8222.32,
,2025-03-10 13:52:29,Buy,560.37,4,7661.95,
,2025-03-10 14:08:29,Buy,559.67,5,7102.28,
,2025-03-10 14:56:28,Buy,557.54,6,6544.74,
,2025-03-11 09:36:25,Buy,559.66,7,5985.08,
,2025-03-11 10:04:27,Buy,556.995,8,5428.08,
,2025-03-11 10:41:26,Buy,554.1,9,4873.98,
,2025-03-11 12:58:27,Buy,554.13,10,4319.85,
,2025-03-11 13:23:26,Buy,552.25,11,3767.6,
22,2025-03-11 14:44:29,Sell,560.72,0,9935.52,22.9
,2025-03-12 10:25:50,Buy,558.47,1,9377.05,
23,2025-03-12 10:28:50,Sell,559.38,0,9936.43,0.91
,2025-03-12 10:56:50,Buy,556.45,1,9379.98,
24,2025-03-12 11:49:51,Sell,558.62,0,9938.6,2.17
,2025-03-13 11:36:47,Buy,553.15,1,9385.45,
,2025-03-13 11:54:49,Buy,552.95,2,8832.5,
,2025-03-13 12:58:47,Buy,552.31,3,8280.19,
,2025-03-13 13:14:48,Buy,551.55,4,7728.64,
,2025-03-13 13:38:47,Buy,550.355,5,7178.29,
25,2025-03-14 09:50:23,Sell,559.2876,0,9974.73,36.12
,2025-03-17 11:35:10,Buy,563.22,1,9411.51,
26,2025-03-17 13:27:09,Sell,565.94,0,9977.45,2.72
,2025-03-18 10:15:47,Buy,560.49,1,9416.96,
,2025-03-18 11:57:47,Buy,559.1,2,8857.86,
,2025-03-18 12:53:47,Buy,559.8201,3,8298.04,
,2025-03-18 15:48:47,Buy,559.95,4,7738.09,
27,2025-03-19 09:48:47,Sell,563.2,0,9990.89,13.44
,2025-03-20 13:28:57,Buy,564.76,1,9426.13,
,2025-03-20 15:30:59,Buy,565.28,2,8860.85,
28,2025-03-21 09:43:31,Sell,560.09,0,9981.03,-9.86
,2025-03-21 10:04:33,Buy,559.4,1,9421.63,
29,2025-03-21 10:41:32,Sell,559.31,0,9980.94,-0.09
,2025-03-25 09:44:51,Buy,574.78,1,9406.16,
,2025-03-25 10:05:49,Buy,574.51,2,8831.65,
30,2025-03-25 10:23:47,Sell,575.41,0,9982.47,1.53
,2025-03-25 12:07:48,Buy,574.6801,1,9407.78,
,2025-03-25 12:22:48,Buy,574.78,2,8833.0,
,2025-03-25 12:28:48,Buy,574.57,3,8258.43,
,2025-03-25 12:49:51,Buy,574.65,4,7683.78,
,2025-03-25 13:21:48,Buy,574.6,5,7109.18,
,2025-03-25 13:48:48,Buy,574.35,6,6534.83,
,2025-03-25 14:07:49,Buy,573.9,7,5960.93,
,2025-03-25 15:04:50,Buy,574.335,8,5386.6,
,2025-03-25 15:31:51,Buy,574.47,9,4812.13,
,2025-03-25 15:36:49,Buy,574.39,10,4237.74,
31,2025-03-26 09:39:53,Sell,575.81,0,9995.84,13.37
,2025-03-26 09:59:53,Buy,573.63,1,9422.21,
,2025-03-26 10:18:51,Buy,573.65,2,8848.56,
,2025-03-26 10:53:51,Buy,573.785,3,8274.77,
,2025-03-26 11:29:54,Buy,572.34,4,7702.43,
,2025-03-26 11:47:51,Buy,572.1,5,7130.33,
,2025-03-26 12:27:51,Buy,570.8099,6,6559.52,
,2025-03-26 12:53:51,Buy,570.0632,7,5989.46,
,2025-03-26 13:02:53,Buy,569.92,8,5419.54,
,2025-03-26 13:32:51,Buy,568.38,9,4851.16,
,2025-03-26 13:53:52,Buy,568.33,10,4282.83,
,2025-03-26 14:48:52,Buy,567.34,11,3715.49,
,2025-03-26 15:06:51,Buy,567.55,12,3147.94,
,2025-03-26 15:29:54,Buy,567.7,13,2580.24,
,2025-03-27 09:39:02,Buy,565.385,14,2014.86,
32,2025-03-27 10:00:05,Sell,568.81,0,9978.2,-17.64
,2025-03-28 10:14:03,Buy,561.38,1,9416.82,
,2025-03-28 10:33:03,Buy,559.0,2,8857.82,
,2025-03-28 10:52:04,Buy,558.78,3,8299.04,
,2025-03-28 11:07:03,Buy,558.14,4,7740.9,
,2025-03-28 11:50:05,Buy,559.07,5,7181.83,
,2025-03-28 12:24:03,Buy,556.8387,6,6624.99,
,2025-03-28 12:47:02,Buy,557.12,7,6067.87,
,2025-03-28 13:06:04,Buy,555.96,8,5511.91,
,2025-03-28 13:40:06,Buy,555.75,9,4956.16,
,2025-03-28 14:35:05,Buy,555.995,10,4400.16,
,2025-03-28 14:48:03,Buy,555.372,11,3844.79,
,2025-03-28 15:36:03,Buy,555.36,12,3289.43,
,2025-03-28 15:52:04,Buy,555.73,13,2733.7,
,2025-03-31 09:38:48,Buy,549.0899,14,2184.61,
33,2025-03-31 09:57:50,Sell,550.09,0,9885.87,-92.33
,2025-04-01 09:42:51,Buy,556.475,1,9329.4,
,2025-04-01 10:08:49,Buy,555.21,2,8774.19,
34,2025-04-01 10:46:48,Sell,558.03,0,9890.25,4.38
,2025-04-03 10:48:33,Buy,541.16,1,9349.09,
35,2025-04-03 12:30:33,Sell,545.19,0,9894.28,4.03
,2025-04-03 14:08:34,Buy,541.33,1,9352.95,
,2025-04-03 15:35:34,Buy,538.27,2,8814.68,
,2025-04-04 09:39:49,Buy,521.67,3,8293.01,
,2025-04-04 10:16:46,Buy,518.11,4,7774.9,
,2025-04-04 12:17:47,Buy,513.54,5,7261.36,
,2025-04-04 12:35:47,Buy,512.11,6,6749.25,
,2025-04-04 14:10:47,Buy,512.51,7,6236.74,
,2025-04-04 14:32:49,Buy,508.21,8,5728.53,
,2025-04-04 15:53:48,Buy,506.6,9,5221.93,
36,2025-04-07 09:53:44,Sell,491.69,0,9647.14,-247.14
,2025-04-08 09:41:48,Buy,518.65,1,9128.49,
37,2025-04-08 09:58:46,Sell,523.0799,0,9651.57,4.43
,2025-04-08 12:16:47,Buy,514.56,1,9137.01,
,2025-04-08 12:23:50,Buy,512.23,2,8624.78,
,2025-04-08 13:12:48,Buy,504.32,3,8120.46,
,2025-04-08 14:13:48,Buy,503.14,4,7617.32,
,2025-04-08 15:08:49,Buy,498.61,5,7118.71,
,2025-04-08 15:48:48,Buy,490.15,6,6628.56,
38,2025-04-09 09:56:47,Sell,501.24,0,9636.0,-15.57
,2025-04-09 10:52:48,Buy,493.83,1,9142.17,
,2025-04-09 11:44:48,Buy,495.275,2,8646.89,
39,2025-04-09 12:51:47,Sell,500.87,0,9648.63,12.63
,2025-04-10 09:39:04,Buy,531.33,1,9117.3,
,2025-04-10 11:17:06,Buy,525.62,2,8591.68,
,2025-04-10 12:02:04,Buy,518.01,3,8073.67,
,2025-04-10 13:15:07,Buy,514.57,4,7559.1,
40,2025-04-11 09:49:41,Sell,527.19,0,9667.86,19.23
,2025-04-11 10:24:42,Buy,522.0,1,9145.86,
41,2025-04-11 12:41:38,Sell,530.79,0,9676.65,8.79
,2025-04-14 11:28:46,Buy,538.78,1,9137.87,
42,2025-04-14 15:13:46,Sell,542.485,0,9680.36,3.71
,2025-04-15 12:55:50,Buy,538.8588,1,9141.5,
43,2025-04-16 11:29:49,Sell,534.64,0,9676.14,-4.22
,2025-04-16 12:40:46,Buy,530.5401,1,9145.6,
,2025-04-16 12:59:48,Buy,530.89,2,8614.71,
,2025-04-16 13:32:46,Buy,529.25,3,8085.46,
,2025-04-16 14:39:48,Buy,524.1356,4,7561.32,
,2025-04-16 15:24:49,Buy,520.7327,5,7040.59,
44,2025-04-17 09:56:47,Sell,528.43,0,9682.74,6.6
,2025-04-17 10:31:46,Buy,524.98,1,9157.76,
,2025-04-21 09:45:04,Buy,519.36,2,8638.4,
,2025-04-21 10:01:01,Buy,516.88,3,8121.52,
,2025-04-21 10:22:02,Buy,515.3,4,7606.22,
,2025-04-21 10:52:02,Buy,514.71,5,7091.51,
,2025-04-21 11:08:01,Buy,514.17,6,6577.34,
,2025-04-21 11:26:04,Buy,513.36,7,6063.98,
,2025-04-21 11:33:01,Buy,512.475,8,5551.5,
,2025-04-21 11:54:00,Buy,511.16,9,5040.34,
,2025-04-21 13:06:02,Buy,510.16,10,4530.18,
,2025-04-21 13:21:01,Buy,510.42,11,4019.76,
,2025-04-21 14:05:04,Buy,508.68,12,3511.08,
45,2025-04-22 10:09:52,Sell,523.0,0,9787.08,104.34
,2025-04-23 10:05:01,Buy,542.87,1,9244.21,
,2025-04-23 11:20:01,Buy,540.99,2,8703.22,
,2025-04-23 11:51:01,Buy,536.38,3,8166.84,
,2025-04-23 12:17:01,Buy,535.66,4,7631.18,
,2025-04-23 15:22:02,Buy,534.63,5,7096.55,
46,2025-04-24 09:50:01,Sell,538.27,0,9787.9,0.82
,2025-04-28 11:10:53,Buy,549.13,1,9238.77,
,2025-04-28 11:23:53,Buy,548.2412,2,8690.53,
,2025-04-28 12:38:54,Buy,546.47,3,8144.06,
,2025-04-29 09:37:30,Buy,549.38,4,7594.68,
47,2025-04-29 09:43:29,Sell,550.15,0,9795.28,7.38
,2025-04-30 09:51:24,Buy,543.29,1,9251.99,
48,2025-04-30 11:08:22,Sell,548.2401,0,9800.23,4.95
,2025-05-01 09:39:50,Buy,559.6125,1,9240.62,
49,2025-05-01 10:36:48,Sell,562.21,0,9802.83,2.6
,2025-05-01 11:57:49,Buy,560.0925,1,9242.74,
,2025-05-01 12:24:50,Buy,559.445,2,8683.29,
,2025-05-01 13:42:49,Buy,560.26,3,8123.03,
,2025-05-01 15:58:47,Buy,558.52,4,7564.51,
,2025-05-02 09:48:06,Buy,563.83,5,7000.68,
50,2025-05-02 10:31:06,Sell,565.52,0,9828.28,25.45
,2025-05-05 09:40:07,Buy,562.125,1,9266.16,
51,2025-05-05 10:43:47,Sell,564.36,0,9830.52,2.24
,2025-05-06 09:50:38,Buy,557.63,1,9272.89,
52,2025-05-06 10:19:44,Sell,559.93,0,9832.82,2.3
,2025-05-07 10:55:08,Buy,559.19,1,9273.63,
53,2025-05-07 13:15:08,Sell,561.5749,0,9835.2,2.38
,2025-05-08 09:37:47,Buy,565.05,1,9270.15,
54,2025-05-08 09:42:47,Sell,564.58,0,9834.73,-0.47
,2025-05-08 10:54:52,Buy,562.74,1,9271.99,
55,2025-05-08 11:25:49,Sell,566.25,0,9838.24,3.51
,2025-05-09 10:20:49,Buy,565.61,1,9272.63,
,2025-05-09 10:42:49,Buy,563.92,2,8708.71,
,2025-05-09 11:21:50,Buy,564.43,3,8144.28,
,2025-05-09 12:49:53,Buy,563.35,4,7580.93,
,2025-05-09 13:07:49,Buy,563.3912,5,7017.54,
,2025-05-12 09:48:49,Buy,578.73,6,6438.81,
,2025-05-12 10:29:56,Buy,578.26,7,5860.55,
56,2025-05-12 12:39:55,Sell,579.74,0,9918.73,80.49
,2025-05-14 09:39:53,Buy,588.3,1,9330.43,
,2025-05-14 09:49:52,Buy,586.97,2,8743.46,
,2025-05-14 10:06:46,Buy,587.465,3,8156.0,
,2025-05-14 11:06:46,Buy,585.9999,4,7570.0,
57,2025-05-14 12:07:51,Sell,588.1699,0,9922.68,3.94
,2025-05-14 13:23:47,Buy,585.865,1,9336.81,
58,2025-05-15 09:45:47,Sell,586.02,0,9922.83,0.15
,2025-05-15 09:50:49,Buy,585.28,1,9337.55,
59,2025-05-15 10:02:48,Sell,586.67,0,9924.22,1.39
,2025-05-16 09:41:48,Buy,590.18,1,9334.04,
,2025-05-16 10:34:54,Buy,590.513,2,8743.53,
60,2025-05-16 11:29:54,Sell,590.9,0,9925.33,1.11
,2025-05-20 09:37:45,Buy,593.09,1,9332.24,
,2025-05-20 09:59:49,Buy,592.84,2,8739.4,
61,2025-05-20 10:35:46,Sell,593.143,0,9925.68,0.36
,2025-05-20 12:17:47,Buy,592.5899,1,9333.09,
62,2025-05-20 12:59:56,Sell,593.38,0,9926.47,0.79
,2025-05-20 14:21:47,Buy,591.58,1,9334.89,
,2025-05-20 14:29:49,Buy,590.81,2,8744.08,
,2025-05-20 14:56:47,Buy,591.0,3,8153.08,
63,2025-05-21 09:53:47,Sell,590.12,0,9923.44,-3.03
,2025-05-21 13:18:48,Buy,587.89,1,9335.55,
,2025-05-22 10:56:46,Buy,581.82,2,8753.73,
64,2025-05-22 13:50:47,Sell,585.08,0,9923.89,0.45
,2025-05-28 09:37:47,Buy,592.07,1,9331.82,
,2025-05-28 09:55:48,Buy,591.06,2,8740.76,
,2025-05-28 10:30:52,Buy,590.0899,3,8150.67,
,2025-05-28 11:13:47,Buy,589.58,4,7561.09,
,2025-05-28 11:36:47,Buy,589.11,5,6971.98,
,2025-05-28 11:58:47,Buy,589.145,6,6382.84,
,2025-05-28 12:24:52,Buy,589.6691,7,5793.17,
,2025-05-28 14:52:48,Buy,589.12,8,5204.05,
,2025-05-29 10:12:47,Buy,589.0,9,4615.05,
,2025-05-29 11:33:49,Buy,589.24,10,4025.81,
,2025-05-29 14:20:48,Buy,587.979,11,3437.83,
,2025-05-30 09:41:59,Buy,587.85,12,2849.98,
65,2025-05-30 10:06:02,Sell,588.53,0,9912.34,-11.55
,2025-05-30 12:24:00,Buy,586.86,1,9325.48,
,2025-05-30 12:54:00,Buy,583.85,2,8741.63,
66,2025-05-30 15:04:01,Sell,589.391,0,9920.41,8.07
,2025-06-02 09:51:50,Buy,587.463,1,9332.95,
67,2025-06-02 10:59:56,Sell,589.33,0,9922.28,1.87
,2025-06-03 09:40:55,Buy,592.48,1,9329.8,
68,2025-06-03 09:55:00,Sell,592.49,0,9922.29,0.01
,2025-06-04 09:42:50,Buy,597.78,1,9324.51,
,2025-06-04 09:50:50,Buy,597.7,2,8726.81,
,2025-06-04 09:52:55,Buy,597.63,3,8129.18,
69,2025-06-04 11:04:54,Sell,597.53,0,9921.77,-0.52
,2025-06-04 12:38:49,Buy,596.15,1,9325.62,
70,2025-06-04 12:40:51,Sell,596.39,0,9922.01,0.24
,2025-06-04 15:52:52,Buy,596.36,1,9325.65,
71,2025-06-05 11:02:17,Sell,597.5236,0,9923.17,1.16
,2025-06-05 12:54:17,Buy,595.26,1,9327.91,
,2025-06-05 14:04:19,Buy,595.18,2,8732.73,
,2025-06-05 14:18:17,Buy,594.0,3,8138.73,
,2025-06-05 15:14:18,Buy,593.8,4,7544.93,
,2025-06-05 15:18:18,Buy,591.74,5,6953.19,
72,2025-06-06 09:42:49,Sell,600.265,0,9954.52,31.35
,2025-06-06 10:32:48,Buy,599.059,1,9355.46,
73,2025-06-06 11:08:49,Sell,600.15,0,9955.61,1.09
,2025-06-06 11:20:51,Buy,597.76,1,9357.85,
,2025-06-06 11:42:49,Buy,598.37,2,8759.48,
,2025-06-06 12:45:49,Buy,597.775,3,8161.7,
,2025-06-06 13:13:51,Buy,597.605,4,7564.1,
74,2025-06-06 14:35:50,Sell,600.26,0,9965.14,9.53
,2025-06-10 10:08:49,Buy,600.7,1,9364.44,
75,2025-06-10 10:10:49,Sell,600.9421,0,9965.38,0.24
,2025-06-10 11:32:49,Buy,600.11,1,9365.27,
,2025-06-10 11:34:55,Buy,600.04,2,8765.23,
76,2025-06-10 12:24:55,Sell,601.75,0,9968.73,3.35
,2025-06-10 14:02:50,Buy,600.91,1,9367.82,
77,2025-06-10 14:58:49,Sell,602.6,0,9970.42,1.69
,2025-06-11 09:49:55,Buy,603.08,1,9367.34,
78,2025-06-11 10:51:50,Sell,604.801,0,9972.14,1.72
,2025-06-11 15:33:50,Buy,600.03,1,9372.11,
79,2025-06-12 09:46:18,Sell,600.55,0,9972.66,0.52
,2025-06-13 09:56:52,Buy,598.49,1,9374.17,
,2025-06-13 10:12:50,Buy,597.65,2,8776.52,
80,2025-06-13 11:22:52,Sell,600.57,0,9977.66,5.0
,2025-06-13 14:44:54,Buy,596.18,1,9381.48,
,2025-06-16 09:42:33,Buy,601.435,2,8780.05,
81,2025-06-16 09:48:34,Sell,601.53,0,9983.11,5.45
,2025-06-16 15:11:34,Buy,601.86,1,9381.25,
82,2025-06-17 10:08:31,Sell,600.935,0,9982.18,-0.93
,2025-06-17 13:28:33,Buy,599.08,1,9383.1,
,2025-06-17 14:48:32,Buy,597.37,2,8785.73,
,2025-06-17 15:42:32,Buy,597.67,3,8188.06,
,2025-06-18 09:40:52,Buy,598.03,4,7590.03,
83,2025-06-18 10:34:55,Sell,601.12,0,9994.51,12.33
,2025-06-18 12:36:51,Buy,599.59,1,9394.92,
84,2025-06-20 09:44:52,Sell,599.3393,0,9994.26,-0.25
,2025-06-20 10:26:48,Buy,595.59,1,9398.67,
,2025-06-20 10:42:49,Buy,595.02,2,8803.65,
,2025-06-20 11:02:49,Buy,593.83,3,8209.82,
,2025-06-20 13:26:49,Buy,594.2804,4,7615.54,
,2025-06-20 14:57:49,Buy,593.61,5,7021.93,
85,2025-06-23 09:40:59,Sell,595.47,0,9999.28,5.02
,2025-06-24 09:54:56,Buy,604.499,1,9394.78,
86,2025-06-24 10:58:51,Sell,605.165,0,9999.95,0.67
,2025-06-25 09:42:41,Buy,608.4,1,9391.55,
,2025-06-25 09:52:41,Buy,607.77,2,8783.78,
87,2025-06-25 09:54:50,Sell,607.78,0,9999.34,-0.61
,2025-06-25 10:38:45,Buy,607.729,1,9391.61,
,2025-06-25 11:20:42,Buy,606.9,2,8784.71,
,2025-06-25 12:00:42,Buy,607.02,3,8177.69,
,2025-06-25 12:36:42,Buy,606.81,4,7570.88,
,2025-06-25 12:50:41,Buy,606.6699,5,6964.21,
,2025-06-25 13:42:41,Buy,606.12,6,6358.09,
,2025-06-25 14:27:41,Buy,606.33,7,5751.76,
,2025-06-25 14:31:43,Buy,606.15,8,5145.61,
,2025-06-26 09:48:48,Buy,608.875,9,4536.73,
88,2025-06-26 10:06:49,Sell,609.2107,0,10019.63,20.29
,2025-06-27 13:46:52,Buy,614.01,1,9405.62,
,2025-06-27 14:31:52,Buy,612.04,2,8793.58,
,2025-06-30 09:40:54,Buy,616.6951,3,8176.89,
,2025-06-30 10:20:53,Buy,616.2793,4,7560.61,
89,2025-06-30 10:36:54,Sell,616.25,0,10025.61,5.98
,2025-06-30 10:50:53,Buy,615.995,1,9409.61,
,2025-06-30 11:24:57,Buy,616.1,2,8793.51,
90,2025-06-30 12:36:54,Sell,616.695,0,10026.9,1.3
,2025-06-30 13:32:56,Buy,616.205,1,9410.7,
,2025-06-30 13:48:56,Buy,616.0787,2,8794.62,
,2025-06-30 13:58:53,Buy,615.78,3,8178.84,
,2025-06-30 14:32:54,Buy,615.67,4,7563.17,
,2025-06-30 14:52:30,Buy,616.26,5,6946.91,
91,2025-06-30 15:07:55,Sell,617.15,0,10032.66,5.76
,2025-07-01 10:38:50,Buy,616.845,1,9415.81,
92,2025-07-01 12:16:49,Sell,617.97,0,10033.78,1.12
,2025-07-02 09:42:50,Buy,617.27,1,9416.51,
93,2025-07-02 10:26:49,Sell,618.36,0,10034.87,1.09
,2025-07-07 09:46:51,Buy,623.145,1,9411.73,
,2025-07-07 10:38:51,Buy,622.6699,2,8789.06,
,2025-07-07 10:54:56,Buy,622.28,3,8166.78,
,2025-07-07 11:14:58,Buy,621.935,4,7544.84,
,2025-07-07 12:56:50,Buy,619.79,5,6925.05,
,2025-07-07 13:42:53,Buy,619.925,6,6305.13,
,2025-07-07 14:16:52,Buy,619.59,7,5685.54,
,2025-07-07 14:20:51,Buy,618.14,8,5067.4,
,2025-07-08 09:58:50,Buy,621.06,9,4446.34,
,2025-07-08 10:00:49,Buy,620.83,10,3825.51,
,2025-07-08 11:24:54,Buy,619.94,11,3205.57,
94,2025-07-08 12:16:50,Sell,620.82,0,10034.59,-0.28
,2025-07-09 10:30:39,Buy,622.88,1,9411.71,
,2025-07-09 10:52:35,Buy,621.44,2,8790.27,
95,2025-07-09 15:55:34,Sell,624.135,0,10038.54,3.95
,2025-07-10 09:43:07,Buy,623.74,1,9414.8,
96,2025-07-10 09:57:08,Sell,623.615,0,10038.41,-0.12
,2025-07-14 09:44:41,Buy,621.94,1,9416.47,
97,2025-07-14 11:02:38,Sell,623.63,0,10040.1,1.69
,2025-07-15 09:52:50,Buy,626.36,1,9413.74,
,2025-07-15 10:36:50,Buy,625.19,2,8788.55,
,2025-07-15 12:34:56,Buy,624.23,3,8164.32,
,2025-07-15 12:58:52,Buy,623.25,4,7541.07,
,2025-07-15 14:54:57,Buy,623.98,5,6917.09,
,2025-07-15 15:42:50,Buy,623.76,6,6293.33,
,2025-07-15 15:52:52,Buy,623.155,7,5670.18,
,2025-07-15 15:58:52,Buy,622.65,8,5047.53,
,2025-07-16 09:40:16,Buy,623.24,9,4424.29,
,2025-07-16 10:55:18,Buy,622.275,10,3802.01,
,2025-07-16 11:19:11,Buy,620.24,11,3181.77,
98,2025-07-16 13:10:16,Sell,623.48,0,10040.05,-0.05
,2025-07-18 09:53:04,Buy,628.75,1,9411.3,
99,2025-07-18 10:01:05,Sell,628.9649,0,10040.27,0.21
,2025-07-18 10:41:04,Buy,627.32,1,9412.95,
,2025-07-18 11:02:08,Buy,627.16,2,8785.79,
,2025-07-18 12:23:05,Buy,627.33,3,8158.46,
,2025-07-18 12:59:10,Buy,626.68,4,7531.78,
,2025-07-18 13:29:12,Buy,626.94,5,6904.84,
,2025-07-18 14:11:05,Buy,627.0,6,6277.84,
,2025-07-18 15:07:05,Buy,627.095,7,5650.74,
,2025-07-18 15:45:06,Buy,627.0653,8,5023.68,
100,2025-07-21 10:12:52,Sell,630.68,0,10069.12,28.85
,2025-07-21 15:15:51,Buy,629.69,1,9439.43,
,2025-07-21 15:45:53,Buy,628.735,2,8810.69,
,2025-07-22 09:42:54,Buy,629.015,3,8181.68,
,2025-07-22 09:50:54,Buy,627.99,4,7553.69,
,2025-07-22 09:55:00,Buy,627.14,5,6926.55,
101,2025-07-22 13:21:06,Sell,628.49,0,10069.0,-0.12
,2025-07-23 09:46:48,Buy,630.2299,1,9438.77,
,2025-07-23 10:23:48,Buy,630.395,2,8808.37,
102,2025-07-23 11:11:49,Sell,630.705,0,10069.78,0.79
,2025-07-24 09:42:51,Buy,634.34,1,9435.44,
103,2025-07-24 10:02:53,Sell,635.08,0,10070.52,0.74
,2025-07-24 10:16:52,Buy,634.38,1,9436.14,
104,2025-07-24 11:29:56,Sell,635.525,0,10071.67,1.14
,2025-07-24 12:37:53,Buy,634.49,1,9437.18,
,2025-07-24 13:01:55,Buy,634.885,2,8802.29,
105,2025-07-24 13:29:54,Sell,635.38,0,10073.05,1.38
,2025-07-25 09:45:13,Buy,635.275,1,9437.78,
106,2025-07-25 09:55:14,Sell,635.44,0,10073.22,0.17
,2025-07-28 09:54:53,Buy,637.285,1,9435.93,
107,2025-07-28 10:04:57,Sell,637.66,0,10073.59,0.38
,2025-07-28 10:54:55,Buy,637.34,1,9436.25,
,2025-07-28 11:20:50,Buy,636.365,2,8799.89,
,2025-07-28 11:48:50,Buy,637.32,3,8162.57,
,2025-07-28 12:12:50,Buy,637.195,4,7525.37,
108,2025-07-28 12:20:49,Sell,637.545,0,10075.55,1.96
,2025-07-28 13:46:50,Buy,636.6951,1,9438.86,
,2025-07-28 13:48:50,Buy,636.675,2,8802.18,
,2025-07-28 14:00:53,Buy,636.11,3,8166.07,
,2025-07-28 14:06:50,Buy,635.74,4,7530.33,
,2025-07-28 14:46:49,Buy,635.985,5,6894.35,
,2025-07-28 15:08:50,Buy,635.87,6,6258.48,
,2025-07-28 15:36:50,Buy,635.96,7,5622.52,
,2025-07-29 09:46:28,Buy,638.12,8,4984.4,
,2025-07-29 09:50:33,Buy,637.37,9,4347.03,
,2025-07-29 10:44:29,Buy,637.2,10,3709.83,
,2025-07-29 10:54:31,Buy,636.73,11,3073.1,
,2025-07-29 11:20:36,Buy,636.265,12,2436.83,
,2025-07-29 11:36:29,Buy,635.48,13,1801.35,
,2025-07-29 12:40:40,Buy,635.32,14,1166.03,
,2025-07-29 13:40:35,Buy,635.65,15,530.38,
109,2025-07-30 11:41:03,Sell,635.4801,0,10062.58,-12.97
,2025-07-30 12:13:03,Buy,636.26,1,9426.32,
,2025-07-30 12:35:10,Buy,636.505,2,8789.82,
,2025-07-30 12:51:06,Buy,636.505,3,8153.31,
110,2025-07-30 12:53:06,Sell,636.52,0,10062.87,0.29
,2025-07-30 15:51:04,Buy,633.305,1,9429.57,
,2025-07-31 09:40:47,Buy,638.09,2,8791.48,
111,2025-07-31 09:56:46,Sell,639.63,0,10070.74,7.87
,2025-07-31 10:46:46,Buy,637.86,1,9432.88,
,2025-07-31 13:22:46,Buy,636.11,2,8796.77,
,2025-07-31 13:52:49,Buy,633.735,3,8163.03,
,2025-07-31 15:25:03,Buy,633.06,4,7529.97,
,2025-07-31 15:51:46,Buy,631.33,5,6898.64,
,2025-08-01 09:44:26,Buy,622.282,6,6276.36,
,2025-08-01 13:28:27,Buy,620.51,7,5655.85,
,2025-08-01 14:10:31,Buy,619.895,8,5035.96,
112,2025-08-04 09:50:50,Sell,628.25,0,10061.96,-8.78
,2025-08-05 10:26:51,Buy,629.36,1,9432.6,
,2025-08-05 10:45:06,Buy,627.56,2,8805.04,
,2025-08-05 11:30:50,Buy,627.92,3,8177.12,
,2025-08-05 12:46:51,Buy,627.885,4,7549.23,
,2025-08-05 15:48:52,Buy,628.31,5,6920.92,
,2025-08-06 09:50:50,Buy,628.75,6,6292.17,
113,2025-08-06 10:56:50,Sell,630.89,0,10077.51,15.55
,2025-08-07 09:44:44,Buy,636.2,1,9441.31,
,2025-08-07 10:14:47,Buy,634.685,2,8806.63,
,2025-08-07 12:00:44,Buy,631.795,3,8174.83,
,2025-08-07 12:40:44,Buy,631.4,4,7543.43,
,2025-08-07 12:44:49,Buy,630.5607,5,6912.87,
,2025-08-07 13:24:47,Buy,630.94,6,6281.93,
,2025-08-07 14:12:42,Buy,630.01,7,5651.92,
114,2025-08-08 10:18:50,Sell,636.16,0,10105.04,27.53
,2025-08-11 10:44:56,Buy,637.265,1,9467.78,
,2025-08-11 11:20:54,Buy,637.2799,2,8830.5,
,2025-08-11 11:28:52,Buy,637.1,3,8193.4,
115,2025-08-11 11:52:52,Sell,637.605,0,10106.21,1.17
,2025-08-11 13:42:55,Buy,636.6,1,9469.61,
,2025-08-11 14:14:55,Buy,636.58,2,8833.03,
,2025-08-11 14:46:53,Buy,636.125,3,8196.91,
,2025-08-11 15:16:55,Buy,636.2,4,7560.71,
,2025-08-11 15:32:54,Buy,636.17,5,6924.54,
,2025-08-11 15:52:52,Buy,634.8599,6,6289.68,
,2025-08-12 09:50:50,Buy,637.08,7,5652.6,
116,2025-08-12 10:52:50,Sell,640.1308,0,10133.51,27.3
,2025-08-13 10:00:57,Buy,645.32,1,9488.19,
,2025-08-13 10:34:56,Buy,644.05,2,8844.14,
,2025-08-13 11:07:01,Buy,643.46,3,8200.68,
,2025-08-13 11:58:56,Buy,643.46,4,7557.22,
,2025-08-13 12:28:56,Buy,643.48,5,6913.74,
,2025-08-13 12:52:56,Buy,642.9401,6,6270.8,
,2025-08-13 13:34:56,Buy,642.79,7,5628.01,
,2025-08-13 13:50:57,Buy,643.135,8,4984.88,
117,2025-08-14 10:01:01,Sell,644.0,0,10136.88,3.36
,2025-08-15 09:58:50,Buy,643.95,1,9492.93,
,2025-08-15 10:56:50,Buy,643.7899,2,8849.14,
,2025-08-15 11:28:51,Buy,643.53,3,8205.61,
,2025-08-15 11:44:54,Buy,642.63,4,7562.98,
,2025-08-15 12:06:50,Buy,643.42,5,6919.56,
,2025-08-15 12:32:50,Buy,643.36,6,6276.2,
,2025-08-15 15:52:52,Buy,643.44,7,5632.76,
,2025-08-18 09:45:30,Buy,643.54,8,4989.22,
118,2025-08-18 10:27:23,Sell,643.78,0,10139.46,2.58
,2025-08-18 10:31:26,Buy,643.05,1,9496.41,
,2025-08-18 11:09:22,Buy,643.3,2,8853.11,
,2025-08-18 11:49:23,Buy,642.98,3,8210.13,
,2025-08-18 12:11:23,Buy,643.135,4,7566.99,
,2025-08-18 12:37:23,Buy,642.59,5,6924.4,
119,2025-08-18 13:31:24,Sell,643.76,0,10143.2,3.74
,2025-08-18 14:21:23,Buy,642.62,1,9500.58,
120,2025-08-18 14:53:24,Sell,643.435,0,10144.02,0.81
,2025-08-19 10:46:07,Buy,642.11,1,9501.91,
,2025-08-19 12:10:13,Buy,640.46,2,8861.45,
,2025-08-19 12:42:07,Buy,639.85,3,8221.6,
,2025-08-19 14:45:14,Buy,638.91,4,7582.69,
,2025-08-19 15:04:08,Buy,638.84,5,6943.85,
,2025-08-19 15:52:07,Buy,639.07,6,6304.78,
,2025-08-20 09:48:45,Buy,637.67,7,5667.11,
,2025-08-20 10:42:45,Buy,633.76,8,5033.35,
121,2025-08-20 15:55:46,Sell,638.47,0,10141.11,-2.91
,2025-08-21 09:45:16,Buy,634.9399,1,9506.17,
,2025-08-21 09:47:12,Buy,635.54,2,8870.63,
122,2025-08-21 10:03:12,Sell,636.675,0,10143.98,2.87
,2025-08-21 12:13:12,Buy,635.66,1,9508.32,
,2025-08-21 12:37:15,Buy,635.18,2,8873.14,
,2025-08-21 13:00:17,Buy,634.99,3,8238.15,
,2025-08-21 13:19:12,Buy,634.37,4,7603.78,
123,2025-08-22 09:44:54,Sell,639.41,0,10161.42,17.44
,2025-08-25 09:40:20,Buy,643.99,1,9517.43,
124,2025-08-25 10:02:15,Sell,644.23,0,10161.66,0.24
,2025-08-25 10:20:20,Buy,643.85,1,9517.81,
125,2025-08-25 11:08:16,Sell,644.53,0,10162.34,0.68
,2025-08-25 15:00:22,Buy,643.935,1,9518.4,
,2025-08-25 15:18:17,Buy,643.6642,2,8874.74,
,2025-08-25 15:44:16,Buy,643.579,3,8231.16,
,2025-08-25 15:58:16,Buy,642.92,4,7588.24,
,2025-08-26 09:50:50,Buy,642.15,5,6946.09,
126,2025-08-26 10:24:54,Sell,643.18,0,10161.99,-0.35
,2025-08-27 09:50:48,Buy,644.98,1,9517.01,
127,2025-08-27 10:24:53,Sell,646.22,0,10163.23,1.24
,2025-08-28 09:56:24,Buy,645.395,1,9517.83,
128,2025-08-28 11:18:27,Sell,647.37,0,10165.2,1.98
,2025-08-29 10:46:36,Buy,644.17,1,9521.03,
,2025-08-29 13:02:38,Buy,644.37,2,8876.66,
,2025-08-29 15:52:36,Buy,644.295,3,8232.37,
129,2025-09-02 09:51:08,Sell,638.8,0,10148.77,-16.44
,2025-09-02 11:36:58,Buy,635.52,1,9513.25,
130,2025-09-02 15:30:58,Sell,639.22,0,10152.47,3.7
,2025-09-03 09:47:33,Buy,642.57,1,9509.9,
131,2025-09-03 10:27:35,Sell,642.64,0,10152.54,0.07
,2025-09-03 13:36:37,Buy,642.07,1,9510.47,
,2025-09-03 13:46:36,Buy,640.97,2,8869.5,
,2025-09-03 15:20:52,Buy,640.8701,3,8228.63,
,2025-09-04 09:41:07,Buy,644.7687,4,7583.86,
,2025-09-04 10:06:48,Buy,644.0191,5,6939.84,
132,2025-09-04 10:38:51,Sell,645.69,0,10168.29,15.75
,2025-09-05 09:40:39,Buy,651.5709,1,9516.72,
,2025-09-05 11:02:23,Buy,643.76,2,8872.96,
,2025-09-05 13:41:24,Buy,645.32,3,8227.64,
,2025-09-08 09:40:44,Buy,648.49,4,7579.15,
133,2025-09-08 09:58:25,Sell,648.4575,0,10172.98,4.69
,2025-09-08 12:39:28,Buy,648.15,1,9524.83,
,2025-09-08 13:40:29,Buy,648.2199,2,8876.61,
,2025-09-08 13:54:26,Buy,647.72,3,8228.89,
,2025-09-08 15:12:26,Buy,647.48,4,7581.41,
,2025-09-09 09:42:53,Buy,649.07,5,6932.34,
,2025-09-09 10:02:55,Buy,648.76,6,6283.58,
,2025-09-09 10:34:52,Buy,647.62,7,5635.96,
134,2025-09-09 13:01:21,Sell,649.245,0,10180.67,7.7
,2025-09-10 10:37:35,Buy,653.55,1,9527.12,
,2025-09-10 11:31:35,Buy,652.58,2,8874.54,
,2025-09-10 12:24:35,Buy,652.88,3,8221.66,
,2025-09-10 12:38:34,Buy,652.655,4,7569.01,
,2025-09-10 13:20:36,Buy,652.865,5,6916.14,
,2025-09-10 13:47:02,Buy,652.26,6,6263.88,
,2025-09-10 13:54:35,Buy,652.17,7,5611.71,
,2025-09-10 14:44:38,Buy,651.835,8,4959.88,
,2025-09-11 09:40:50,Buy,654.13,9,4305.75,
135,2025-09-11 10:22:31,Sell,655.73,0,10207.32,26.64
,2025-09-12 10:00:58,Buy,657.7983,1,9549.52,
136,2025-09-12 10:06:57,Sell,657.995,0,10207.52,0.2
,2025-09-12 11:31:58,Buy,657.695,1,9549.82,
,2025-09-12 12:18:57,Buy,657.91,2,8891.91,
,2025-09-12 12:40:57,Buy,657.78,3,8234.13,
137,2025-09-12 12:50:56,Sell,657.99,0,10208.1,0.59
,2025-09-12 15:44:56,Buy,657.75,1,9550.35,
138,2025-09-15 09:52:34,Sell,660.355,0,10210.71,2.61
,2025-09-15 10:21:34,Buy,660.125,1,9550.58,
139,2025-09-15 10:33:34,Sell,660.715,0,10211.3,0.59
,2025-09-15 12:59:36,Buy,660.13,1,9551.17,
,2025-09-15 14:17:34,Buy,660.08,2,8891.09,
,2025-09-15 14:37:55,Buy,659.89,3,8231.2,
,2025-09-15 14:45:34,Buy,659.51,4,7571.69,
,2025-09-15 15:18:35,Buy,659.93,5,6911.76,
,2025-09-15 15:52:36,Buy,660.04,6,6251.72,
,2025-09-15 15:58:37,Buy,660.67,7,5591.05,
,2025-09-16 09:55:49,Buy,660.23,8,4930.82,
,2025-09-16 10:32:48,Buy,659.91,9,4270.91,
,2025-09-16 10:58:52,Buy,659.93,10,3610.98,
,2025-09-16 11:04:49,Buy,659.53,11,2951.45,
,2025-09-16 11:35:48,Buy,659.5101,12,2291.94,
,2025-09-16 12:36:49,Buy,659.57,13,1632.37,
,2025-09-16 15:59:51,Buy,659.93,14,972.44,
,2025-09-17 09:43:04,Buy,659.81,15,312.63,
140,2025-09-17 09:47:25,Sell,660.1263,0,10214.52,3.22
,2025-09-17 10:31:04,Buy,659.22,1,9555.3,
,2025-09-17 10:46:23,Buy,659.2079,2,8896.09,
,2025-09-17 10:51:06,Buy,659.17,3,8236.92,
,2025-09-17 11:13:26,Buy,659.52,4,7577.4,
,2025-09-17 11:51:05,Buy,658.95,5,6918.45,
,2025-09-17 12:11:05,Buy,658.96,6,6259.49,
141,2025-09-17 14:02:05,Sell,660.91,0,10224.95,10.43
,2025-09-17 14:47:05,Buy,656.51,1,9568.44,
142,2025-09-18 10:14:57,Sell,663.62,0,10232.06,7.11
,2025-09-19 11:25:51,Buy,660.95,1,9571.11,
,2025-09-19 11:45:52,Buy,661.099,2,8910.01,
143,2025-09-19 12:15:52,Sell,662.25,0,10234.51,2.45
,2025-09-22 09:47:11,Buy,662.825,1,9571.69,
144,2025-09-22 10:29:32,Sell,664.08,0,10235.77,1.25
,2025-09-23 09:44:21,Buy,666.8992,1,9568.87,
145,2025-09-23 09:46:21,Sell,666.97,0,10235.84,0.07
,2025-09-23 10:30:33,Buy,666.61,1,9569.23,
,2025-09-23 11:28:21,Buy,666.15,2,8903.08,
,2025-09-23 11:42:22,Buy,665.6099,3,8237.47,
,2025-09-23 12:18:22,Buy,665.295,4,7572.17,
,2025-09-23 13:00:33,Buy,665.02,5,6907.15,
,2025-09-23 13:22:22,Buy,664.71,6,6242.44,
,2025-09-23 14:40:33,Buy,662.695,7,5579.75,
,2025-09-24 09:52:43,Buy,662.77,8,4916.98,
146,2025-09-24 10:52:43,Sell,663.63,0,10226.02,-9.82
,2025-09-24 11:04:46,Buy,662.82,1,9563.2,
,2025-09-24 11:34:47,Buy,662.17,2,8901.03,
,2025-09-24 11:48:47,Buy,661.46,3,8239.57,
,2025-09-24 12:16:44,Buy,659.81,4,7579.76,
,2025-09-24 13:48:44,Buy,660.47,5,6919.29,
,2025-09-24 14:12:45,Buy,660.19,6,6259.1,
,2025-09-25 09:42:49,Buy,655.38,7,5603.72,
147,2025-09-25 10:32:50,Sell,658.5601,0,10213.64,-12.38
,2025-09-25 14:02:50,Buy,654.98,1,9558.66,
148,2025-09-26 09:48:49,Sell,661.6,0,10220.26,6.62
,2025-09-26 10:26:50,Buy,658.13,1,9562.13,
,2025-09-26 12:00:51,Buy,658.595,2,8903.54,
149,2025-09-26 13:01:07,Sell,661.311,0,10226.16,5.9
,2025-09-29 10:05:18,Buy,664.2293,1,9561.93,
150,2025-09-29 10:32:59,Sell,664.81,0,10226.74,0.58
,2025-09-29 12:09:01,Buy,663.28,1,9563.46,
151,2025-09-29 12:53:00,Sell,662.92,0,10226.38,-0.36
,2025-09-29 13:54:59,Buy,663.04,1,9563.34,
,2025-09-29 15:08:59,Buy,662.69,2,8900.65,
,2025-09-30 09:41:00,Buy,662.61,3,8238.04,
,2025-09-30 10:28:49,Buy,662.715,4,7575.32,
152,2025-09-30 10:32:48,Sell,663.07,0,10227.6,1.22
,2025-09-30 11:40:57,Buy,662.02,1,9565.58,
,2025-09-30 12:01:01,Buy,663.085,2,8902.5,
153,2025-09-30 12:22:49,Sell,663.74,0,10229.98,2.38
,2025-09-30 13:12:48,Buy,662.31,1,9567.67,
,2025-09-30 13:36:49,Buy,661.98,2,8905.69,
154,2025-09-30 14:41:15,Sell,664.14,0,10233.97,3.99
,2025-10-01 09:50:49,Buy,663.605,1,9570.36,
155,2025-10-01 11:28:49,Sell,666.4051,0,10236.77,2.8
,2025-10-02 10:26:15,Buy,668.6399,1,9568.13,
,2025-10-02 10:45:29,Buy,668.15,2,8899.98,
,2025-10-02 11:03:14,Buy,667.29,3,8232.69,
,2025-10-02 11:30:29,Buy,667.61,4,7565.08,
,2025-10-02 11:34:15,Buy,667.32,5,6897.76,
156,2025-10-03 09:40:51,Sell,671.1368,0,10253.44,16.67
,2025-10-03 13:04:57,Buy,670.925,1,9582.52,
,2025-10-03 13:46:52,Buy,669.61,2,8912.91,
,2025-10-03 13:52:52,Buy,668.8,3,8244.11,
,2025-10-06 09:50:53,Buy,670.405,4,7573.7,
157,2025-10-06 10:28:54,Sell,670.515,0,10255.76,2.32
,2025-10-07 10:28:20,Buy,671.4,1,9584.36,
,2025-10-07 10:54:18,Buy,671.0,2,8913.36,
,2025-10-07 11:06:17,Buy,669.52,3,8243.84,
,2025-10-07 11:40:22,Buy,668.49,4,7575.35,
,2025-10-07 11:58:17,Buy,668.15,5,6907.2,
,2025-10-07 12:16:17,Buy,668.0385,6,6239.16,
,2025-10-07 12:56:18,Buy,668.46,7,5570.7,
,2025-10-07 14:02:17,Buy,668.04,8,4902.66,
158,2025-10-08 10:36:40,Sell,671.92,0,10278.02,22.26
,2025-10-09 09:48:51,Buy,672.86,1,9605.16,
,2025-10-09 10:20:51,Buy,671.5,2,8933.66,
,2025-10-09 10:32:51,Buy,670.79,3,8262.87,
,2025-10-09 11:32:52,Buy,670.675,4,7592.2,
,2025-10-09 12:24:58,Buy,670.95,5,6921.25,
,2025-10-09 12:42:51,Buy,670.4588,6,6250.79,
,2025-10-09 13:00:52,Buy,670.08,7,5580.71,
,2025-10-09 13:16:51,Buy,669.65,8,4911.06,
,2025-10-09 14:28:51,Buy,669.82,9,4241.24,
,2025-10-10 11:35:22,Buy,661.2,10,3580.04,
,2025-10-10 14:43:15,Buy,658.3,11,2921.74,
,2025-10-10 15:57:17,Buy,653.395,12,2268.35,
159,2025-10-13 09:58:49,Sell,662.7,0,10220.75,-57.28
,2025-10-14 09:42:49,Buy,654.46,1,9566.29,
160,2025-10-14 10:36:49,Sell,660.017,0,10226.3,5.56
,2025-10-15 13:15:53,Buy,659.03,1,9567.27,
,2025-10-16 10:08:26,Buy,666.565,2,8900.71,
161,2025-10-16 10:26:28,Sell,666.38,0,10233.47,7.16
,2025-10-16 11:31:27,Buy,665.37,1,9568.1,
,2025-10-16 12:11:27,Buy,664.58,2,8903.52,
,2025-10-16 12:31:28,Buy,661.14,3,8242.38,
,2025-10-16 14:05:33,Buy,660.0,4,7582.38,
,2025-10-16 14:16:35,Buy,658.25,5,6924.13,
,2025-10-16 15:22:28,Buy,658.59,6,6265.54,
,2025-10-17 09:44:55,Buy,658.65,7,5606.89,
,2025-10-17 10:58:51,Buy,659.54,8,4947.35,
162,2025-10-17 12:25:00,Sell,663.33,0,10253.99,20.52
,2025-10-22 10:07:51,Buy,671.47,1,9582.52,
,2025-10-22 10:15:52,Buy,670.85,2,8911.67,
,2025-10-22 11:28:51,Buy,668.24,3,8243.43,
,2025-10-22 13:25:53,Buy,664.92,4,7578.51,
,2025-10-22 13:44:53,Buy,663.62,5,6914.89,
,2025-10-22 15:58:52,Buy,667.52,6,6247.37,
163,2025-10-23 11:30:51,Sell,670.29,0,10269.11,15.12
,2025-10-27 10:18:54,Buy,682.84,1,9586.27,
164,2025-10-27 10:44:54,Sell,683.32,0,10269.59,0.48
,2025-10-27 10:53:14,Buy,682.595,1,9586.99,
,2025-10-27 11:13:55,Buy,682.9,2,8904.09,
,2025-10-27 11:19:56,Buy,682.99,3,8221.1,
165,2025-10-27 11:49:53,Sell,683.39,0,10271.27,1.69
,2025-10-28 11:05:15,Buy,685.9,1,9585.37,
,2025-10-28 11:20:52,Buy,685.73,2,8899.64,
,2025-10-28 11:30:51,Buy,685.465,3,8214.18,
166,2025-10-28 12:44:52,Sell,686.73,0,10274.37,3.09
,2025-10-29 10:20:50,Buy,688.78,1,9585.59,
,2025-10-29 10:52:14,Buy,688.37,2,8897.22,
,2025-10-29 11:10:24,Buy,688.185,3,8209.03,
,2025-10-29 12:04:11,Buy,687.62,4,7521.41,
,2025-10-29 13:40:29,Buy,687.98,5,6833.43,
,2025-10-29 14:36:50,Buy,685.6201,6,6147.81,
167,2025-10-30 11:25:56,Sell,684.97,0,10257.63,-16.74
,2025-10-30 15:18:54,Buy,681.64,1,9575.99,
,2025-10-30 15:55:54,Buy,680.235,2,8895.76,
168,2025-10-31 11:17:51,Sell,684.38,0,10264.52,6.88
,2025-10-31 11:47:53,Buy,682.87,1,9581.65,
,2025-10-31 13:00:51,Buy,680.39,2,8901.26,
,2025-10-31 13:17:51,Buy,680.0,3,8221.26,
,2025-11-03 10:00:53,Buy,682.1,4,7539.16,
,2025-11-03 10:33:53,Buy,680.39,5,6858.77,
169,2025-11-04 09:42:51,Sell,676.7,0,10242.27,-22.25
,2025-11-04 14:32:51,Buy,675.59,1,9566.68,
,2025-11-04 15:05:51,Buy,675.55,2,8891.13,
,2025-11-04 15:55:53,Buy,674.775,3,8216.35,
170,2025-11-05 10:00:51,Sell,677.0451,0,10247.49,5.22
,2025-11-06 10:15:51,Buy,673.27,1,9574.22,
,2025-11-06 10:54:52,Buy,671.72,2,8902.5,
,2025-11-06 11:25:52,Buy,670.45,3,8232.05,
,2025-11-06 11:56:51,Buy,669.128,4,7562.92,
,2025-11-06 13:06:52,Buy,669.3256,5,6893.59,
,2025-11-06 15:47:19,Buy,670.55,6,6223.04,
,2025-11-07 11:06:50,Buy,663.22,7,5559.82,
,2025-11-07 11:29:52,Buy,662.825,8,4897.0,
171,2025-11-07 14:32:51,Sell,667.53,0,10237.24,-10.25
,2025-11-10 09:56:55,Buy,678.45,1,9558.79,
172,2025-11-10 10:29:34,Sell,678.86,0,10237.65,0.41
,2025-11-10 10:38:56,Buy,678.2544,1,9559.39,
,2025-11-10 10:53:17,Buy,676.68,2,8882.71,
,2025-11-10 11:30:57,Buy,675.98,3,8206.73,
173,2025-11-10 12:41:21,Sell,678.61,0,10242.56,4.92
,2025-11-11 09:49:53,Buy,679.81,1,9562.75,
,2025-11-11 10:31:52,Buy,679.57,2,8883.18,
,2025-11-11 11:20:54,Buy,680.22,3,8202.96,
174,2025-11-11 12:06:53,Sell,680.7,0,10245.06,2.5
,2025-11-12 09:45:51,Buy,684.24,1,9560.82,
,2025-11-12 10:30:52,Buy,683.055,2,8877.77,
,2025-11-12 11:09:52,Buy,681.845,3,8195.92,
,2025-11-12 11:51:52,Buy,681.79,4,7514.13,
,2025-11-13 10:38:51,Buy,677.35,5,6836.78,
,2025-11-13 11:06:51,Buy,675.4,6,6161.38,
,2025-11-13 12:12:51,Buy,674.6,7,5486.78,
,2025-11-13 12:48:52,Buy,674.8199,8,4811.96,
,2025-11-13 13:26:52,Buy,672.87,9,4139.09,
,2025-11-13 14:04:18,Buy,672.11,10,3466.98,
,2025-11-13 14:20:52,Buy,672.02,11,2794.96,
,2025-11-13 14:58:17,Buy,671.92,12,2123.04,
175,2025-11-14 09:43:58,Sell,666.56,0,10121.76,-123.3
,2025-11-17 11:09:55,Buy,669.235,1,9452.53,
,2025-11-17 12:41:21,Buy,671.01,2,8781.52,
,2025-11-17 12:59:19,Buy,669.22,3,8112.3,
,2025-11-17 13:31:55,Buy,668.34,4,7443.96,
,2025-11-17 13:57:55,Buy,667.135,5,6776.82,
,2025-11-17 14:33:56,Buy,665.08,6,6111.74,
,2025-11-17 14:41:38,Buy,663.955,7,5447.79,
,2025-11-17 15:09:57,Buy,662.8998,8,4784.89,
,2025-11-19 11:25:57,Buy,661.47,9,4123.42,
,2025-11-19 14:28:24,Buy,659.74,10,3463.68,
,2025-11-19 15:58:15,Buy,662.58,11,2801.1,
,2025-11-20 09:46:49,Buy,673.75,12,2127.35,
176,2025-11-20 10:41:04,Sell,675.03,0,10227.71,105.95
,2025-11-20 10:56:08,Buy,673.03,1,9554.68,
,2025-11-20 11:36:09,Buy,666.27,2,8888.41,
,2025-11-20 13:48:02,Buy,655.695,3,8232.71,
,2025-11-20 15:59:10,Buy,652.53,4,7580.18,
,2025-11-21 09:48:54,Buy,655.27,5,6924.91,
177,2025-11-21 09:53:24,Sell,655.6,0,10202.91,-24.79
,2025-11-21 10:03:54,Buy,653.89,1,9549.02,
178,2025-11-21 11:39:55,Sell,656.955,0,10205.98,3.07
,2025-11-26 09:41:39,Buy,678.64,1,9527.34,
,2025-11-26 10:05:43,Buy,677.34,2,8850.0,
179,2025-11-26 10:35:46,Sell,678.88,0,10207.76,1.78
,2025-11-28 09:44:59,Buy,681.27,1,9526.49,
180,2025-11-28 09:56:59,Sell,681.22,0,10207.71,-0.05
,2025-12-02 11:17:41,Buy,681.45,1,9526.26,
,2025-12-02 13:01:28,Buy,680.8,2,8845.46,
181,2025-12-02 15:32:43,Sell,682.69,0,10210.84,3.13
,2025-12-04 10:19:18,Buy,683.38,1,9527.46,
,2025-12-04 10:26:16,Buy,682.54,2,8844.92,
182,2025-12-04 12:52:19,Sell,684.29,0,10213.5,2.66
,2025-12-05 09:44:00,Buy,685.83,1,9527.67,
183,2025-12-05 10:15:00,Sell,688.03,0,10215.7,2.2
,2025-12-05 12:26:00,Buy,685.46,1,9530.24,
,2025-12-05 12:37:59,Buy,685.0348,2,8845.2,
,2025-12-05 15:48:59,Buy,685.015,3,8160.19,
,2025-12-08 09:48:52,Buy,685.335,4,7474.85,
,2025-12-08 10:18:51,Buy,685.005,5,6789.85,
,2025-12-08 10:47:21,Buy,684.32,6,6105.53,
,2025-12-08 11:44:53,Buy,683.8298,7,5421.7,
,2025-12-08 12:03:51,Buy,682.8756,8,4738.82,
,2025-12-08 12:21:51,Buy,682.88,9,4055.94,
,2025-12-08 13:31:51,Buy,682.7827,10,3373.16,
,2025-12-08 13:54:22,Buy,682.59,11,2690.57,
,2025-12-08 14:31:29,Buy,682.31,12,2008.26,
,2025-12-08 14:49:26,Buy,682.51,13,1325.75,
,2025-12-08 15:32:51,Buy,682.34,14,643.41,
184,2025-12-09 10:14:13,Sell,684.18,0,10221.93,6.23
,2025-12-09 13:47:19,Buy,683.55,1,9538.38,
,2025-12-09 14:36:41,Buy,683.475,2,8854.91,
,2025-12-09 15:11:12,Buy,683.61,3,8171.3,
,2025-12-09 15:26:14,Buy,683.3799,4,7487.92,
,2025-12-09 15:52:12,Buy,683.19,5,6804.73,
,2025-12-09 15:56:11,Buy,682.84,6,6121.89,
185,2025-12-10 10:03:49,Sell,682.995,0,10219.86,-2.07
,2025-12-10 10:41:51,Buy,682.15,1,9537.71,
,2025-12-10 11:01:27,Buy,681.82,2,8855.89,
186,2025-12-10 12:13:27,Sell,683.25,0,10222.39,2.53
,2025-12-11 09:48:32,Buy,684.17,1,9538.22,
187,2025-12-11 11:44:30,Sell,686.47,0,10224.69,2.3
